target_year,kecamatan,produksi_ton,pred_xgb_produksi_ton,pred_persistence_produksi_ton,pred_rf_produksi_ton,pred_xgb_luas_panen_bersih_ha,pred_rf_luas_panen_bersih_ha,pred_xgb_yield_t_ha,pred_rf_yield_t_ha,pred_deep_produksi_ton,pred_hybrid_harvest_ha,pred_hybrid_yield_t_ha,pred_hybrid_agronomic_produksi_ton,prediksi_final_produksi_ton_v8
2018,AJUNG,42073.0,40950.938,40552.0,40918.64025023497,7227.1016,7680.54051331604,5.80571,5.8501180987123185,37635.277,7680.54051331604,5.8501180987123185,44932.06906484337,44932.06906484337
2018,AMBULU,22474.0,24584.027,22176.0,23181.405661215904,3690.753,3682.270663074234,6.2175026,6.12039363518397,24066.584,3682.270663074234,6.12039363518397,22536.945929304202,22536.945929304202
2018,ARJASA,19186.0,19677.34,19002.0,19189.502228625784,3410.921,3383.7514921294555,5.7062063,5.793490247480024,16545.426,3383.7514921294555,5.793490247480024,19603.73126954798,19603.73126954798
2018,BALUNG,35872.0,35603.71,36018.0,35941.37232274522,5850.0615,5846.848970253425,6.24196,6.318793289663807,34520.81,5846.848970253425,6.318793289663807,36945.03003891509,36945.03003891509
2018,BANGSALSARI,50238.0,46911.46,49841.0,50818.54928958918,8517.873,8557.433345168314,6.094308,5.950488186905567,48333.37,8557.433345168314,5.950488186905567,50920.90603065584,50920.90603065584
2018,GUMUKMAS,46228.0,43175.633,38164.0,44130.19233635162,7560.142,8012.754067854141,5.8661976,5.825924110722395,38263.89,8012.754067854141,5.825924110722395,46681.69711720039,46681.69711720039
2018,JELBUK,16389.0,16165.288,17218.0,16482.15654174502,2754.0142,2651.365716157849,5.963151,5.930479479183926,16576.81,2651.365716157849,5.930479479183926,15723.869971485918,15723.869971485918
2018,JENGGAWAH,42491.0,41023.016,41015.0,40512.04019546909,7300.951,7002.7445262921365,6.001046,5.988965604858204,41759.72,7002.7445262921365,5.988965604858204,41939.19610757266,41939.19610757266
2018,JOMBANG,42853.0,39569.05,39896.0,39072.876813131305,6584.8193,6596.771492347469,6.3201914,6.547225597520734,41084.84,6596.771492347469,6.547225597520734,43190.5511756924,43190.5511756924
2018,KALISAT,26218.0,26309.89,26117.0,26315.647186130285,4680.331,4746.847141759085,5.6228275,5.601907249182411,28011.55,4746.847141759085,5.601907249182411,26591.39741418103,26591.39741418103
2018,KALIWATES,8125.0,10074.155,8623.0,8825.426120268743,1632.5377,1525.5193180842157,5.943246,5.964654103659625,9080.205,1525.5193180842157,5.964654103659625,9099.19506082305,9099.19506082305
2018,KENCONG,37901.0,39262.086,39021.0,38625.25655796956,6763.765,6760.562483586719,5.91938,5.927811851938587,38613.836,6760.562483586719,5.927811851938587,40075.342415976724,40075.342415976724
2018,LEDOKOMBO,44552.0,41842.117,38011.0,42731.936702326624,7645.0693,7999.196976286687,5.54733,5.585589470527816,37134.137,7999.196976286687,5.585589470527816,44680.23040342487,44680.23040342487
2018,MAYANG,28591.0,28341.754,28013.0,28814.230201528637,4952.141,5015.56229666254,5.8316917,5.830569675976375,26968.74,5015.56229666254,5.830569675976375,29243.58543489103,29243.58543489103
2018,MUMBULSARI,34293.0,35663.83,33617.0,36112.31406479846,6025.8887,6143.093983818197,5.7677975,5.786928115791309,35979.254,6143.093983818197,5.786928115791309,35549.64329290596,35549.64329290596
2018,PAKUSARI,20010.0,19943.756,19744.0,20008.96131944073,3482.8833,3499.8517856270855,5.83635,5.872625808158564,20222.611,3499.8517856270855,5.872625808158564,20553.319921003458,20553.319921003458
2018,PANTI,36604.0,36988.723,36684.0,36979.55647471997,6228.872,6254.251502424215,5.941462,5.821335952149909,37884.945,6254.251502424215,5.821335952149909,36408.099124849665,36408.099124849665
2018,PATRANG,22760.0,21859.662,22612.0,22309.05776673334,3629.1738,3655.3938752480326,5.966901,5.929638670177887,22066.57,3655.3938752480326,5.929638670177887,21675.164877402138,21675.164877402138
2018,PUGER,40281.0,38688.996,36128.0,38106.49059406598,6422.6895,6579.043632336155,6.3302946,6.419800235120871,38925.086,6579.043632336155,6.419800235120871,42236.145857742114,42236.145857742114
2018,RAMBIPUJI,38055.0,37304.73,39203.0,38161.77792191018,6222.916,6280.643069228548,6.186742,6.099231605797361,40567.004,6280.643069228548,6.099231605797361,38307.0967125709,38307.0967125709
2018,SEMBORO,24712.0,25862.852,25419.0,25107.49645693039,4136.991,4061.974534699015,6.2960978,6.26876683861172,24283.586,4061.974534699015,6.26876683861172,25463.571262406454,25463.571262406454
2018,SILO,26509.0,26697.096,26106.0,26080.2790566243,4415.1245,4433.160435993937,6.0377965,5.952374793815908,26729.018,4433.160435993937,5.952374793815908,26387.832436152254,26387.832436152254
2018,SUKORAMBI,25954.0,24803.684,24003.0,24938.592408241442,4319.421,4318.745155941883,5.9276047,5.8759109022758835,28465.387,4318.745155941883,5.8759109022758835,25376.56174595007,25376.56174595007
2018,SUKOWONO,28958.0,29750.543,29916.0,29268.732201619936,4896.541,4879.449093147431,5.9948163,5.887566406053013,33013.47,4879.449093147431,5.887566406053013,28728.080560860653,28728.080560860653
2018,SUMBERBARU,55430.0,46638.367,56871.0,47513.20586665893,8186.5522,8248.035434619449,6.4834924,6.626169719325821,54156.594,8248.035434619449,6.626169719325821,54652.882640801785,54652.882640801785
2018,SUMBERJAMBE,25799.0,25832.629,24864.0,26000.154047592157,4558.772,4650.761800643158,5.6438622,5.6521546351098095,29749.75,4650.761800643158,5.6521546351098095,26286.824868296866,26286.824868296866
2018,SUMBERSARI,21010.0,19823.0,19686.0,19918.558185935613,3366.9478,3370.5962566204216,6.012253,5.957386148811238,20193.182,3370.5962566204216,5.957386148811238,20079.94345242551,20079.94345242551
2018,TANGGUL,55586.0,47826.695,54164.0,53603.17534786851,8535.96,8608.008478306758,6.4175835,6.542285528056943,54657.145,8608.008478306758,6.542285528056943,56316.049293017764,56316.049293017764
2018,TEMPUREJO,19439.0,20616.492,19301.0,19725.964747680002,3564.658,3533.9966644768942,5.803004,5.792941462886265,19969.64,3533.9966644768942,5.792941462886265,20472.23580734996,20472.23580734996
2018,UMBULSARI,15454.0,15132.155,18993.0,13411.072056895197,2590.9927,2567.9203885021234,6.271951,6.387131014917368,18400.273,2567.9203885021234,6.387131014917368,16401.64395724057,16401.64395724057
2018,WULUHAN,30156.0,31232.514,29624.0,30445.720156866526,4925.928,4963.999609270581,6.345776,6.239333431937303,30575.84,4963.999609270581,6.239333431937303,30972.04871824564,30972.04871824564
2019,AJUNG,42758.0,42099.613,42073.0,41431.885614721716,7566.3315,7769.654042290931,5.5754194,5.686195023390254,38451.188,7728.98959125462,5.658501124033779,43734.49628975964,43734.49628975964
2019,AMBULU,22576.0,23713.027,22474.0,22757.395275676838,3686.492,3688.502937286442,6.1163397,6.058227691489374,22984.016,3688.10075070806,6.072755689500209,22396.93481731236,22396.93481731236
2019,ARJASA,16609.0,17884.611,19186.0,16951.571399022716,3040.1497,3035.1902886221596,5.7229,5.722379289651901,17850.053,3036.1821991594466,5.722509445685886,17374.581313513278,17374.581313513278
2019,BALUNG,34900.0,35349.684,35872.0,36380.20437950964,5714.8926,5699.391093887459,6.1506925,6.127940953574506,34681.65,5702.491390734967,6.1336288309111655,34976.965602234704,34976.965602234704
2019,BANGSALSARI,48340.0,48290.613,50238.0,49393.48983007969,8329.569,8180.600430141533,5.9923944,6.0109087468843825,49458.83,8210.394284542916,6.006280171994952,49313.92839551079,49313.92839551079
2019,GUMUKMAS,43682.0,44187.777,46228.0,41702.376429626966,7503.183,7793.243269363363,5.7871685,5.7956813489156875,39153.312,7735.231212170378,5.79355313738867,44814.473057696465,44814.473057696465
2019,JELBUK,16211.0,15362.29,16389.0,15499.19468252036,2682.2612,2632.047694882465,6.010322,6.0383859938671645,15522.885,2642.0904264137844,6.031370018891279,15935.424985071773,15935.424985071773
2019,JENGGAWAH,41901.0,41384.5,42491.0,40894.120838440955,7081.081,6917.791473889751,6.006743,6.0083983783461345,41862.156,6950.449365635239,6.007984522323138,41758.19221192719,41758.19221192719
2019,JOMBANG,45634.0,40766.43,42853.0,39768.98840006673,6691.275,6652.8098357573745,6.422491,6.454783624081273,41371.99,6660.502873488713,6.446710486463054,42938.33371963699,42938.33371963699
2019,KALISAT,27167.0,27807.104,26218.0,27579.87297456569,4754.0605,4867.336414780465,5.6501904,5.599325907109884,27142.188,4844.681265613435,5.6120420186808015,27188.554829738285,27188.554829738285
2019,KALIWATES,7162.0,9744.601,8125.0,8305.93897338869,1664.1044,1448.6050945849593,6.062618,6.102945347439911,8012.6997,1491.7049680019518,6.092863455274452,9088.754685590438,9088.754685590438
2019,KENCONG,34235.0,36686.203,37901.0,37091.3951758269,6221.4736,6143.9310464872415,5.729682,5.738291579333044,39030.543,6159.439636994481,5.736139176672024,35331.40300811055,35331.40300811055
2019,LEDOKOMBO,44659.0,45461.094,44552.0,45224.13587531467,7905.9414,8100.634634642291,5.5584974,5.588311953873399,39275.496,8061.6960622060205,5.5808583226285595,44991.183563264356,44991.183563264356
2019,MAYANG,28613.0,29042.953,28591.0,29368.867287390076,4984.1523,4992.955735629399,5.78539,5.840514918711618,27889.809,4991.195093874613,5.826733664085593,29082.364477498057,29082.364477498057
2019,MUMBULSARI,34435.0,34730.402,34293.0,35863.626547721775,6086.9316,6125.319195734201,5.6805696,5.706780797294287,34525.484,6117.641709126423,5.700228010156384,34871.95262646341,34871.95262646341
2019,PAKUSARI,19066.0,19883.135,20010.0,19550.742876720273,3391.1528,3344.7497604216287,5.840488,5.861708488393518,18928.096,3354.0303991576156,5.856403355545321,19642.554884227673,19642.554884227673
2019,PANTI,34480.0,36312.668,36604.0,36566.08382960496,5867.738,5844.062618019372,6.0137,5.972296743637323,37901.93,5848.797701837373,5.982647559826076,34991.295298813726,34991.295298813726
2019,PATRANG,21287.0,21622.457,22760.0,21706.599242041975,3506.901,3428.562321615083,6.0978136,6.0896575552412004,23927.87,3444.230045280348,6.091696567996452,20981.20434622456,20981.20434622456
2019,PUGER,37317.0,36279.09,40281.0,36976.608682040176,5893.0454,5843.004701478061,6.128888,6.058567731233977,38685.125,5853.012892041824,6.07614783097248,35563.77158863389,35563.77158863389
2019,RAMBIPUJI,36333.0,37053.832,38055.0,37460.357423518275,5984.3955,5952.6725032038885,6.1232767,6.107942164343181,41662.695,5959.017152953736,6.111775800884949,36420.17683248097,36420.17683248097
2019,SEMBORO,24453.0,24825.67,24712.0,24133.592536541153,4032.0474,4027.9891278997193,6.1433434,6.069325583197695,25756.098,4028.800787183057,6.087830049558,24526.65449589594,24526.65449589594
2019,SILO,26472.0,26682.383,26509.0,26498.49371740921,4413.996,4430.97845967973,5.9875956,5.962833633799606,27285.115,4427.582023114877,5.969024114891331,26428.34386663205,26428.34386663205
2019,SUKORAMBI,20638.0,22531.17,25954.0,21491.290104826687,3683.4758,3512.4170163901235,5.9678335,5.910567075221474,27823.656,3546.6288035417865,5.924883686161589,21013.36313897553,21013.36313897553
2019,SUKOWONO,28268.0,28729.584,28958.0,29211.60274034038,4728.7695,4744.466379866771,6.0038633,5.967697641510449,31414.652,4741.327010143417,5.976739064796777,28337.674360500267,28337.674360500267
2019,SUMBERBARU,44397.0,43683.5,55430.0,43995.335729062346,6912.6323,6850.735309411579,6.6318846,6.613470284513679,57027.93,6863.114736787076,6.6180738571077935,45420.600217861785,45420.600217861785
2019,SUMBERJAMBE,24787.0,25343.57,25799.0,25714.33894616639,4470.3477,4492.602211458527,5.655815,5.734797397462098,30211.715,4488.15128820979,5.715051829224503,25650.01722951967,25650.01722951967
2019,SUMBERSARI,15436.0,14871.133,21010.0,14744.853570861455,2601.6104,2637.7121742289078,6.044712,6.048537989852834,19891.309,2630.4918219026576,6.047581509052224,15908.113701851607,15908.113701851607
2019,TANGGUL,54018.0,50746.547,55586.0,53397.436993697964,8337.017,8312.020200607189,6.473777,6.437418042469923,57116.16,8317.019480798252,6.446507736182887,53615.7304249497,53615.7304249497
2019,TEMPUREJO,20256.0,20529.082,19439.0,20049.883087026272,3597.3289,3604.6633819087624,5.669657,5.712915300957668,19762.518,3603.196464804354,5.7021007833125505,20545.789384389922,20545.789384389922
2019,UMBULSARI,14974.0,13849.262,15454.0,12370.07208537941,2397.299,2219.8454943678003,6.10303,6.209710191660971,14857.014,2255.33620384385,6.1830401949389655,13944.834401467584,13944.834401467584
2019,WULUHAN,30268.0,30553.453,30156.0,30040.697035931367,4977.107,4986.035237197949,6.1530433,6.065494184679806,30673.596,4984.249576477109,6.087381456037625,30341.028444110143,30341.028444110143
2020,AJUNG,48446.0,42108.73,42758.0,41474.61182137193,7669.2217,7696.962772101047,5.445112,5.626077933909333,40100.414,7688.640542033233,5.562739913136952,42769.9076209312,42769.9076209312
2020,AMBULU,26004.0,21964.422,22576.0,22498.443438963353,3605.519,3637.426035354687,6.03493,6.09234748794677,23505.137,3627.8539864670306,6.072251399697139,22029.241447221273,22029.241447221273
2020,ARJASA,17714.0,17635.758,16609.0,17807.94795308786,3177.5833,3229.5760035161043,5.5703793,5.727782555933862,15920.027,3213.978226875335,5.67269142521962,18231.906728438273,18231.906728438273
2020,BALUNG,39466.0,33475.504,34900.0,34561.42427626048,5469.9277,5639.520213100691,6.044772,6.113037883249684,34572.8,5588.642542725171,6.0891448282748915,34030.05383611201,34030.05383611201
2020,BANGSALSARI,51693.0,45603.395,48340.0,48255.45640063072,7457.0156,8040.175942814972,5.9137206,6.005564560937155,46104.016,7865.227896298605,5.973419248849873,46982.303712341076,46982.303712341076
2020,GUMUKMAS,45567.0,41366.387,43682.0,41470.40927423472,6628.47,6878.415470906624,5.72196,5.813526168195953,38959.81,6803.431967329949,5.781478033039527,39333.89246839699,39333.89246839699
2020,JELBUK,14072.0,14577.014,16211.0,15016.701064574247,2532.5085,2555.9116016981843,5.937529,6.0822690379670155,16174.927,2548.8906846652917,6.03161012667746,15373.914865421018,15373.914865421018
2020,JENGGAWAH,47096.0,41151.348,41901.0,41333.83126934195,6667.8677,6954.31760710706,5.9464436,6.0410115039384475,43583.92,6868.3826765374415,6.007912675085015,41264.64333970363,41264.64333970363
2020,JOMBANG,35719.0,41073.047,45634.0,42443.406037688685,6613.137,6860.362226346335,6.4357114,6.454163317926629,39750.68,6786.1948426221215,6.447705021779872,43755.38256555132,43755.38256555132
2020,KALISAT,24505.0,24251.578,27167.0,22964.008333542864,4193.0537,3955.568967885818,5.5150576,5.695806749458782,27951.986,4026.814415215385,5.6325444629462424,22681.21123773353,22681.21123773353
2020,KALIWATES,9574.0,9550.3,7162.0,7982.109237082159,1634.9752,1402.8987902922254,5.982095,6.122447503674177,9050.314,1472.5217374330732,6.073323949669098,8943.101534360636,8943.101534360636
2020,KENCONG,42958.0,38472.83,34235.0,40051.80990313036,6810.5566,7024.186544224643,5.6243024,5.700060089904179,37581.94,6960.097695215062,5.673544917812716,39488.42690616741,39488.42690616741
2020,LEDOKOMBO,52502.0,48870.39,44659.0,47547.82766815346,8435.423,8677.208805374148,5.4940567,5.630879297811369,41913.008,8604.673116886905,5.582991413000302,48039.81612325413,48039.81612325413
2020,MAYANG,30016.0,29086.527,28613.0,29095.846723666134,4964.305,4989.643631169012,5.7372932,5.790650073257751,28698.777,4982.042167794871,5.771975135126693,28756.22351466468,28756.22351466468
2020,MUMBULSARI,37714.0,34224.957,34435.0,34796.72532847534,6136.0254,6142.113607120498,5.630961,5.69828694063185,36573.367,6140.287264242161,5.67472279318713,34844.42809511164,34844.42809511164
2020,PAKUSARI,21909.0,19341.02,19066.0,19358.54604566815,3447.586,3426.1509788972908,5.710486,5.861126838523129,20261.203,3432.5815641343534,5.808402546205805,19937.815497177082,19937.815497177082
2020,PANTI,36763.0,34743.49,34480.0,35386.90114232767,5938.916,6043.591345716146,5.91881,5.972796732491668,36783.32,6012.1888687591145,5.953901385564774,35795.979635982,35795.979635982
2020,PATRANG,21692.0,21080.375,21287.0,22072.567565993497,3463.0151,3471.360036361393,6.0981374,6.19295240504567,22040.596,3468.8565664686002,6.159767217347678,21367.34895981451,21367.34895981451
2020,PUGER,39853.0,35921.38,37317.0,36457.139628593206,5913.3438,5973.688406911375,6.0447736,6.129605251327057,40028.35,5955.585058666087,6.099914094362342,36328.55723953104,36328.55723953104
2020,RAMBIPUJI,40191.0,38022.42,36333.0,38889.227312213865,6479.7363,6498.449449933074,6.042116,6.063645100829722,37751.426,6492.835635460964,6.056109925662,39321.32633760708,39321.32633760708
2020,SEMBORO,28625.0,25720.406,24453.0,27018.968113369356,4445.9805,4522.349214869647,6.011121,6.037553578153638,23637.318,4499.438639861877,6.028302152154844,27123.97563616802,27123.97563616802
2020,SILO,24319.0,26614.398,26472.0,27135.964776522418,4507.2563,4537.780798526174,5.968043,6.010016101972331,26475.086,4528.623560921447,5.9953254401131915,27150.572043488344,27150.572043488344
2020,SUKORAMBI,21129.0,22272.719,20638.0,22319.309313175643,3741.9011,3720.183189001933,5.9246373,5.9568729005055525,25652.084,3726.6986668716654,5.945590327299434,22157.42354651187,22157.42354651187
2020,SUKOWONO,26942.0,28229.371,28268.0,29389.844880716177,4756.5283,4716.27654452373,5.927853,6.003616452795999,32196.479,4728.352077260361,5.977099210400162,28261.829467486867,28261.829467486867
2020,SUMBERBARU,42518.0,44317.594,44397.0,43780.76705132496,7266.6597,7111.676001286575,6.5939407,6.699088626613721,48573.754,7158.171247775603,6.662286816817351,47689.7899365764,47689.7899365764
2020,SUMBERJAMBE,26965.0,25678.668,24787.0,26071.636913143175,4596.7876,4651.319853522627,5.4966736,5.642290367482713,28633.246,4634.960274418964,5.591324493258294,25915.566907637938,25915.566907637938
2020,SUMBERSARI,19023.0,16764.932,15436.0,16214.04656382117,3066.2886,2981.9651621929675,6.064599,6.2519384326956295,18633.188,3007.2622102147648,6.1863695965780865,18604.03550621084,18604.03550621084
2020,TANGGUL,42608.0,46000.1,54018.0,45560.047506221475,7567.8403,7235.082012698575,6.493648,6.597486182588495,50080.71,7334.9097038108775,6.561142860799831,48125.39043777014,48125.39043777014
2020,TEMPUREJO,21426.0,19399.896,20256.0,19283.543013900307,3412.4668,3328.809491539164,5.390054,5.636269291510416,19949.559,3353.906695346946,5.550093994712483,18614.497408671075,18614.497408671075
2020,UMBULSARI,19082.0,15928.714,14974.0,15887.751227583605,2960.1624,3003.631684401411,6.0076885,6.2930550615306835,17836.082,2990.590946170831,6.193176725129831,18521.25824220919,18521.25824220919
2020,WULUHAN,35798.0,28615.174,30268.0,30083.150369661234,4764.343,4747.453672966754,5.9871573,6.059363273900238,29775.693,4752.52042752204,6.034091127195921,28677.141343528107,28677.141343528107
2021,AJUNG,47722.0,45429.758,48446.0,43037.122134286314,7728.031,7779.908836355509,6.083966,5.987922080690361,42593.406,7777.314944830702,5.987922080690361,46569.9558866349,46569.9558866349
2021,AMBULU,25221.0,25418.537,26004.0,23512.556028105548,3684.126,3676.1966011899267,6.601447,6.526141269939576,23773.396,3676.593069958555,6.526141269939576,23993.965766630372,23993.965766630372
2021,ARJASA,17410.0,18604.207,17714.0,18386.65934221503,3291.095,3331.0861323894223,5.6106944,5.675784187375823,15838.73,3329.086574305107,5.675784187375823,18895.176936846074,18895.176936846074
2021,BALUNG,36816.0,34822.77,39466.0,34294.56769066725,5498.18,5466.3673657762665,6.611563,6.647518498565524,35088.734,5467.958024587062,6.647518498565524,36348.352117822295,36348.352117822295
2021,BANGSALSARI,50376.0,49915.39,51693.0,49917.18611964261,8060.8076,8240.736045582853,6.330716,6.306105129354779,47737.375,8231.73961805957,6.306105129354779,51910.2154289584,51910.2154289584
2021,GUMUKMAS,43655.0,44387.812,45567.0,43697.482732418954,6959.597,6912.371004219092,6.3653526,6.245879941027874,41013.63,6914.732312406575,6.245879941027874,43188.587847637515,43188.587847637515
2021,JELBUK,14785.0,14179.996,14072.0,14745.340835843703,2615.4634,2634.7926160844017,5.655744,5.712421873063887,15757.669,2633.8261633807674,5.712421873063887,15045.526185544235,15045.526185544235
2021,JENGGAWAH,45265.0,44422.453,47096.0,43802.65843998197,7033.9736,6913.4413626796695,6.568403,6.550159905762529,45618.36,6919.4679944968575,6.550159905762529,45323.62182676037,45323.62182676037
2021,JOMBANG,35626.0,35698.88,35719.0,36864.99097944936,5762.8276,5696.169181662839,5.743062,5.913358427941371,39478.7,5699.50211051915,5.913358427941371,33703.19884030805,33703.19884030805
2021,KALISAT,25570.0,25341.129,24505.0,25260.001904866353,4296.97,4193.284180000063,6.059614,5.91560418726821,27679.994,4198.468481742248,5.91560418726821,24836.477730708044,24836.477730708044
2021,KALIWATES,9188.0,10050.834,9574.0,8512.234055234927,1668.7429,1488.0256781219455,6.0888124,6.094050329830499,9226.081,1497.0615432636996,6.094050329830499,9123.168391502704,9123.168391502704
2021,KENCONG,48173.0,42761.258,42958.0,42162.370253162575,7117.552,7317.059587831814,6.238391,6.066318827437049,39135.88,7307.084202434363,6.066318827437049,44327.102470895414,44327.102470895414
2021,LEDOKOMBO,45020.0,46448.03,52502.0,45671.384238088955,7998.909,8109.508602098739,5.916567,5.898628533933954,45404.938,8103.978637081693,5.898628533933954,47802.35962708127,47802.35962708127
2021,MAYANG,30476.0,29812.291,30016.0,29661.708931749974,4973.9937,4976.143851313861,5.9814982,5.920063100890557,30636.992,4976.036350520629,5.920063100890557,29458.449187407285,29458.449187407285
2021,MUMBULSARI,35187.0,36917.92,37714.0,36246.3709600893,6119.409,6186.195972212456,6.040746,5.9483375605480155,37847.86,6182.8566325862075,5.9483375605480155,36777.71833909596,36777.71833909596
2021,PAKUSARI,20514.0,21026.684,21909.0,21656.473617396547,3469.344,3437.579998284077,6.1156783,6.012270658915549,20114.586,3439.168207232178,6.012270658915549,20677.210103417212,20677.210103417212
2021,PANTI,36576.0,36645.434,36763.0,36227.46286648046,6013.624,6008.257086803907,5.9978127,5.9720366528199555,36795.35,6008.525445842618,5.9720366528199555,35883.13419197348,35883.13419197348
2021,PATRANG,19522.0,21293.512,21692.0,21482.91927003875,3426.683,3379.9649793626477,6.264506,6.154125156389696,22092.492,3382.300882616195,6.154125156389696,20815.1029481874,20815.1029481874
2021,PUGER,38677.0,37451.992,39853.0,37242.66376315584,5802.7734,5750.456141115015,6.5065565,6.47616285514942,41032.055,5753.072005934264,6.47616285514942,37257.83122783144,37257.83122783144
2021,RAMBIPUJI,35785.0,36279.746,40191.0,36641.17455908459,5849.4756,5754.541412441014,6.0457816,6.030743145646664,37350.477,5759.288127219354,6.030743145646664,34732.78739703233,34732.78739703233
2021,SEMBORO,24122.0,25134.11,28625.0,25687.408083919636,4187.362,4087.695828038736,5.9936314,5.943062998333607,23513.05,4092.679124405354,5.943062998333607,24323.049868305843,24323.049868305843
2021,SILO,24195.0,26919.428,24319.0,26253.88826813055,4484.3647,4422.817445915251,5.6971273,5.728529645313289,27011.16,4425.894820079448,5.728529645313289,25353.869683863646,25353.869683863646
2021,SUKORAMBI,18445.0,20085.832,21129.0,20126.96063467303,3451.2383,3378.600904960071,5.707081,5.673704842294706,23352.791,3382.232779878083,5.673704842294706,19189.790500962165,19189.790500962165
2021,SUKOWONO,26467.0,27691.4,26942.0,27834.214064880587,4669.509,4710.997148601316,5.799524,5.820873856489495,31463.646,4708.9227397796485,5.820873856489495,27410.04526821224,27410.04526821224
2021,SUMBERBARU,50650.0,48136.21,42518.0,48053.8275008481,7942.939,8429.325890301177,6.2106733,6.204954646918247,48942.92,8405.00653792479,6.204954646918247,52152.68437487467,52152.68437487467
2021,SUMBERJAMBE,26591.0,27316.621,26965.0,26807.244829834424,4636.3677,4644.770872778272,5.764525,5.758615094520929,29434.201,4644.350719031936,5.758615094520929,26745.028154866435,26745.028154866435
2021,SUMBERSARI,14969.0,15357.559,19023.0,15239.828111089662,2682.0708,2639.830428320568,6.1040816,6.05807565476608,17424.398,2641.9424530471174,6.05807565476608,16005.08725609772,16005.08725609772
2021,TANGGUL,33697.0,39864.65,42608.0,39724.811981446765,6285.373,6074.114502351496,6.104003,6.2186086870598665,50379.055,6084.677423474156,6.2186086870598665,37838.22788357343,37838.22788357343
2021,TEMPUREJO,24908.0,21641.066,21426.0,21660.490861039663,3644.5464,3630.797859699829,6.068009,5.956004187051371,19370.205,3631.4852921542906,5.956004187051371,21629.141605286426,21629.141605286426
2021,UMBULSARI,20712.0,21008.844,19082.0,19626.9244998399,3443.8354,3427.4711039311837,6.2522383,6.287977841656108,17071.283,3428.289321195562,6.287977841656108,21557.007286463955,21557.007286463955
2021,WULUHAN,35661.0,32038.701,35798.0,31993.0346537989,4899.765,4965.629158293483,6.6861124,6.692764507344224,30234.803,4962.335966370019,6.692764507344224,33211.746029238966,33211.746029238966
2022,AJUNG,50561.0,48312.68,47722.0,48176.546308955,8114.744,8120.001922873275,6.12339,6.052967895519662,44445.547,8119.4761568554795,6.052967895519662,49146.92850588358,49146.92850588358
2022,AMBULU,23251.0,25130.54,25221.0,24000.97082168188,3667.3687,3680.3928279125075,6.6177993,6.714380786248217,24073.104,3679.090422562663,6.714380786248217,24702.814044124578,24702.814044124578
2022,ARJASA,18373.0,16321.989,17410.0,16290.632334662652,3098.836,3015.472026773308,5.564999,5.62643074689381,16384.625,3023.808430053008,5.62643074689381,17013.248723566947,17013.248723566947
2022,BALUNG,35736.0,37462.027,36816.0,37672.10076293065,5845.5825,5815.07275355375,6.626495,6.687556606808851,36558.582,5818.123766772594,6.687556606808851,38909.03203571166,38909.03203571166
2022,BANGSALSARI,49532.0,49223.266,50376.0,50089.231630604045,8150.6973,8171.458364118494,6.096057,6.248881234714241,47919.15,8169.382290890238,6.248881234714241,51049.49969675085,51049.49969675085
2022,GUMUKMAS,44964.0,45384.85,43655.0,43613.15668799801,7394.0312,7220.159180067457,6.395426,6.375934402562455,42869.953,7237.546399267742,6.375934402562455,46146.12107723322,46146.12107723322
2022,JELBUK,14128.0,12255.114,14785.0,13070.221900683871,2364.258,2275.103140450687,5.63692,5.652767348271249,14496.85,2284.0186381731965,5.652767348271249,12911.02598070841,12911.02598070841
2022,JENGGAWAH,42013.0,44714.46,45265.0,43775.86642705889,6874.542,6919.173291548779,6.4637585,6.466787863116193,43509.664,6914.710186026714,6.466787863116193,44715.963907963465,44715.963907963465
2022,JOMBANG,48204.0,41889.71,35626.0,43062.198769991955,7355.2954,7755.882702501851,6.1855845,6.210368375480606,39848.04,7715.823973267291,6.210368375480606,47918.1091943543,47918.1091943543
2022,KALISAT,24524.0,24844.523,25570.0,24507.26857605712,4172.9155,4147.742864000828,5.9846096,5.925612048817291,25119.947,4150.260142542152,5.925612048817291,24592.83150637394,24592.83150637394
2022,KALIWATES,9264.0,9729.751,9188.0,8808.560043781594,1620.9448,1549.7041685129225,5.7869654,5.900167163725056,9051.308,1556.8282340835053,5.900167163725056,9185.546826299564,9185.546826299564
2022,KENCONG,45913.0,44695.87,48173.0,43951.45880356565,7308.1973,7366.611627662429,6.5028796,6.397815172165329,42599.254,7360.77022807978,6.397815172165329,47092.847444031664,47092.847444031664
2022,LEDOKOMBO,49880.0,48694.07,45020.0,50399.184615241735,8376.039,8325.66297138015,5.7235622,5.91486892310982,48082.484,8330.700617113229,5.91486892310982,49275.00218789484,49275.00218789484
2022,MAYANG,30490.0,29890.326,30476.0,30385.064392809658,5002.466,4989.1843846135125,6.0558214,5.946983706730864,27887.203,4990.512528183412,5.946983706730864,29678.496693343004,29678.496693343004
2022,MUMBULSARI,38163.0,35140.105,35187.0,36093.66039441435,6185.622,6229.413126076373,5.728798,5.8013819689010315,35041.617,6225.034008292955,5.8013819689010315,36113.80005150646,36113.80005150646
2022,PAKUSARI,19710.0,19703.254,20514.0,19899.18436588418,3325.3394,3336.8048459760466,5.9489317,5.891413521991416,20082.594,3335.6582969253172,5.891413521991416,19651.74239524867,19651.74239524867
2022,PANTI,36365.0,36090.496,36576.0,36560.60403789778,5943.4385,5974.6225764457995,6.0119176,6.048189143365148,35562.242,5971.504190871532,6.048189143365148,36116.786816788685,36116.786816788685
2022,PATRANG,20200.0,20186.578,19522.0,19747.402013951276,3303.652,3345.409873025589,5.799614,5.869396356465151,20285.662,3341.2340895804523,5.869396356465151,19611.02719148066,19611.02719148066
2022,PUGER,36316.0,37429.35,38677.0,37438.49006146865,5893.208,5907.596936683971,6.478078,6.530479601352851,38955.836,5906.158043796824,6.530479601352851,38570.04462738122,38570.04462738122
2022,RAMBIPUJI,38495.0,37789.72,35785.0,38080.555779055314,6277.8594,6297.0116799294165,6.2395597,6.27386651690091,38229.6,6295.096461643506,6.27386651690091,39494.594911366585,39494.594911366585
2022,SEMBORO,26505.0,26034.078,24122.0,26189.279919798042,4333.775,4347.5106299928275,5.8732076,5.9640129751988455,25473.238,4346.137069434952,5.9640129751988455,25920.41787410274,25920.41787410274
2022,SILO,26892.0,25629.611,24195.0,25510.861776151585,4442.949,4424.820431286855,5.6889844,5.647959811667421,25964.477,4426.633310033169,5.647959811667421,25001.44703605567,25001.44703605567
2022,SUKORAMBI,18523.0,17563.916,18445.0,17249.197385772844,3159.3176,3078.184992461482,5.6866174,5.658132790725016,19695.44,3086.2982559106463,5.658132790725016,17462.685363725457,17462.685363725457
2022,SUKOWONO,27969.0,26994.96,26467.0,26559.55562533017,4556.3765,4612.980458687249,5.693555,5.717831945631005,28571.488,4607.320077613446,5.717831945631005,26343.881923525285,26343.881923525285
2022,SUMBERBARU,45704.0,44267.37,50650.0,43764.87064503192,7396.9307,7368.144882154759,5.9612646,6.027346588944117,45418.28,7371.023448138502,6.027346588944117,44427.71303716471,44427.71303716471
2022,SUMBERJAMBE,26767.0,26235.598,26591.0,26137.384101671545,4441.343,4479.4389448440215,5.7717953,5.82626430214916,28925.28,4475.629327703369,5.82626430214916,26076.199381649985,26076.199381649985
2022,SUMBERSARI,16620.0,16228.562,14969.0,15980.696636431992,2787.4175,2701.321599047242,5.7054205,5.839776173784065,16982.164,2709.9311993964243,5.839776173784065,15825.391650829313,15825.391650829313
2022,TANGGUL,41095.0,38399.992,33697.0,39362.716198630835,6675.618,6828.724926170695,5.7341537,5.952365983935441,46840.785,6813.414262166907,5.952365983935441,40555.93528858289,40555.93528858289
2022,TEMPUREJO,24630.0,24009.27,24908.0,23440.732612738782,3846.1426,3813.546621071466,6.5250025,6.499407329304103,21784.738,3816.8062167768194,6.499407329304103,24806.978299852723,24806.978299852723
2022,UMBULSARI,21690.0,20233.01,20712.0,20116.31041459622,3524.4175,3489.1437261873593,5.8302054,5.96601248159268,21577.488,3492.671095511983,5.96601248159268,20837.31934992247,20837.31934992247
2022,WULUHAN,31187.0,31856.227,35661.0,33058.5058925489,4957.9214,4966.780810079583,6.7169495,6.841928482570164,32865.008,4965.894873847015,6.841928482570164,33976.29757882306,33976.29757882306
2023,AJUNG,42492.0,43528.094,50561.0,43558.09483904657,7135.66,6948.005531720278,6.0554814,6.03273636096701,45867.89,6966.771018587313,6.03273636096701,42028.692842362856,42028.692842362856
2023,AMBULU,23183.0,24362.225,23251.0,24050.242735203436,3692.218,3676.2887872413075,6.282309,6.253577407277909,23174.1,3677.8817102749895,6.253577407277909,22999.91797001631,22999.91797001631
2023,ARJASA,19515.0,18356.068,18373.0,18461.327723278664,3216.337,3210.6829544174566,5.8378067,5.758947471262893,18351.973,3211.2483564854765,5.758947471262893,18493.410602179156,18493.410602179156
2023,BALUNG,36011.0,36733.992,35736.0,36617.951153425456,5816.455,5847.192442367044,6.1880445,6.201929858344646,35933.234,5844.11870594284,6.201929858344646,36244.81429809737,36244.81429809737
2023,BANGSALSARI,50265.0,49627.65,49532.0,49204.677044088894,8281.461,8104.688058418918,6.1232715,6.200585818283546,48602.023,8122.3653707410895,6.200585818283546,50363.42352873457,50363.42352873457
2023,GUMUKMAS,47747.0,45333.805,44964.0,44650.57137792863,7644.0483,7674.572615037287,6.096668,6.23550351096133,44609.68,7671.520199724964,6.23550351096133,47835.79113979577,47835.79113979577
2023,JELBUK,13922.0,12324.164,14128.0,12522.4095942946,2317.4219,2296.607144534931,5.898912,5.905264077367462,14610.126,2298.688617581438,5.905264077367462,13574.363318457135,13574.363318457135
2023,JENGGAWAH,42847.0,42986.633,42013.0,43703.548357206746,6914.063,6904.618170012891,6.153873,6.23198767932479,43184.363,6905.562664046758,6.23198767932479,43035.38144114467,43035.38144114467
2023,JOMBANG,51007.0,46783.33,48204.0,48123.69005622101,7869.401,8217.964163814353,6.089737,6.072193087273083,41938.72,8183.107871944637,6.072193087273083,49689.41105243217,49689.41105243217
2023,KALISAT,25780.0,26291.703,24524.0,25854.723451284022,4228.5166,4309.5581249466195,5.974451,5.99370583799684,24882.084,4301.453966504692,5.99370583799684,25781.64975091384,25781.64975091384
2023,KALIWATES,10100.0,9609.884,9264.0,8798.195208344925,1619.7412,1521.7819888859215,5.9864655,6.054776557719852,9602.307,1531.5779110910794,6.054776557719852,9273.362032395808,9273.362032395808
2023,KENCONG,42528.0,41354.867,45913.0,41648.8680606798,7020.709,6852.872135809018,6.1538925,6.208760763230786,44591.56,6869.655845079678,6.208760763230786,42652.049667829735,42652.049667829735
2023,LEDOKOMBO,50791.0,50569.242,49880.0,50277.40576670056,8442.401,8377.57886094572,5.878789,5.94138009489467,49196.703,8384.061148190991,5.94138009489467,49812.8940202417,49812.8940202417
2023,MAYANG,30838.0,30814.688,30490.0,30533.764459810514,4986.516,4979.726875871209,6.0614586,6.007997316461121,28386.523,4980.405799612213,6.007997316461121,29922.264678957577,29922.264678957577
2023,MUMBULSARI,38581.0,36821.65,38163.0,36618.765134777685,6254.5137,6242.8652891645925,6.052451,6.020898042586441,35706.13,6244.030115228602,6.020898042586441,37594.66869863068,37594.66869863068
2023,PAKUSARI,20382.0,20405.072,19710.0,20367.687183516493,3370.4602,3374.293216613443,5.970134,5.976563561626732,19579.639,3373.909915459911,5.976563561626732,20164.387060948833,20164.387060948833
2023,PANTI,36716.0,35987.56,36365.0,36024.69209999202,6003.0215,5994.121913193988,5.9912577,5.927689763685742,35696.836,5995.011906933183,5.927689763685742,35536.57071390197,35536.57071390197
2023,PATRANG,19520.0,19761.367,20200.0,19379.09878344666,3147.5522,3130.82234132506,6.0870504,6.037056044900796,20047.746,3132.495325698413,6.037056044900796,18911.04984163109,18911.04984163109
2023,PUGER,36003.0,36603.938,36316.0,36560.98711805179,5801.34,5830.264212767327,6.1152234,6.158310004159581,38695.676,5827.371763658563,6.158310004159581,35886.761830095595,35886.761830095595
2023,RAMBIPUJI,38960.0,37680.17,38495.0,37737.82730306915,6310.705,6345.27197465764,6.050252,5.995567762776467,37100.72,6341.815272797346,5.995567762776467,38022.783207067216,38022.783207067216
2023,SEMBORO,24751.0,24600.914,26505.0,23697.66015665129,3994.1873,4042.1233894133925,6.0385575,5.976244024827074,25881.58,4037.3297821615065,5.976244024827074,24128.067986899096,24128.067986899096
2023,SILO,27735.0,27316.621,26892.0,26256.4969958261,4488.4346,4460.32219438892,5.9932904,5.940458224546042,26591.895,4463.133450291825,5.940458224546042,26513.057812032624,26513.057812032624
2023,SUKORAMBI,17610.0,17682.611,18523.0,16793.42935775322,2910.2822,2922.395716013213,5.8456264,5.793183242605943,19023.488,2921.1843731716576,5.793183242605943,16922.956359220392,16922.956359220392
2023,SUKOWONO,28715.0,28128.324,27969.0,28088.46021205937,4703.0435,4670.903125852795,5.9800944,5.912634984811239,28351.73,4674.117165074156,5.912634984811239,27636.348673324188,27636.348673324188
2023,SUMBERBARU,45211.0,45388.098,45704.0,44813.632146990036,7434.0205,7369.809486349846,6.1382504,6.195073628276046,46656.164,7376.230576289081,6.195073628276046,45696.29151925191,45696.29151925191
2023,SUMBERJAMBE,27715.0,27045.16,26767.0,26533.40767834691,4562.7827,4534.43469820868,5.9298325,5.921193595186799,29298.256,4537.269518182734,5.921193595186799,26866.051210699898,26866.051210699898
2023,SUMBERSARI,17442.0,16476.453,16620.0,16491.23795926947,2852.6133,2808.7603942780665,5.9801836,5.968243902069103,16925.781,2813.1456768717444,5.968243902069103,16789.53953162185,16789.53953162185
2023,TANGGUL,41842.0,39579.508,41095.0,40259.44429445834,6765.1523,6853.897476249003,6.0017624,6.168613424691099,44937.875,6845.0229874131655,6.168613424691099,42224.30069247603,42224.30069247603
2023,TEMPUREJO,24770.0,24036.26,24630.0,23770.35748413541,4013.1492,3970.282665238416,6.147887,6.230499171491961,23263.762,3974.5693096032464,6.230499171491961,24763.550790520403,24763.550790520403
2023,UMBULSARI,23950.0,22315.5,21690.0,21916.413019743934,3760.9536,3779.8412021113304,6.0982594,6.0735490244627615,22691.785,3777.952449331838,6.0735490244627615,22945.579413106087,22945.579413106087
2023,WULUHAN,31255.0,31621.156,31187.0,32320.137076874915,4989.171,4971.236730249468,6.321606,6.294508317641048,31943.602,4973.030140964755,6.294508317641048,31302.77958618229,31302.77958618229
2024,AJUNG,49492.0,45158.914,42492.0,45131.53812954201,7510.83,7977.38794475301,6.13644,6.06635809292831,44891.227,7954.060051421609,6.069862190215946,48280.04836483113,48280.04836483113
2024,AMBULU,22783.0,23656.309,23183.0,22939.559627101655,3580.3481,3554.323440134032,6.2616644,6.32539096233684,23433.934,3555.6246784056507,6.3222046456691245,22479.38686007199,22479.38686007199
2024,ARJASA,19815.0,19194.598,19515.0,19314.713133454028,3258.4275,3330.9476105049043,6.0388775,6.020293883982024,18408.295,3327.32160143962,6.021223058181589,20034.54554857393,20034.54554857393
2024,BALUNG,33211.0,33383.78,36011.0,33859.45486723024,5439.21,5439.583442856097,6.194595,6.198479159010282,36819.363,5439.564780967197,6.198284955984542,33715.97254897233,33715.97254897233
2024,BANGSALSARI,49065.0,45837.76,50265.0,46562.59054917125,7963.2686,7983.5436587650765,6.1316566,6.168310681172219,48614.54,7982.529897457682,6.166477985410498,49224.09488055391,49224.09488055391
2024,GUMUKMAS,45847.0,45063.965,47747.0,44397.8783457967,7350.498,7338.610773401519,6.1952534,6.204763370503607,45243.15,7339.205137075192,6.204287888469439,45534.541542948304,45534.541542948304
2024,JELBUK,15222.0,12962.814,13922.0,14195.073410816807,2531.8972,2571.0986561980685,6.0409184,5.996326659079143,14562.118,2569.1385872797664,5.998556237675707,15411.122298180397,15411.122298180397
2024,JENGGAWAH,42647.0,41368.95,42847.0,42555.66007644327,6711.7227,6831.222303330894,6.179146,6.212488937319038,42102.062,6825.247339287395,6.210821798983893,42390.394958302975,42390.394958302975
2024,JOMBANG,51007.0,47407.95,51007.0,47891.617912205205,7989.089,8060.456255855259,6.193329,6.136929385163425,44111.902,8056.887880318355,6.1397493706972766,49467.272292963135,49467.272292963135
2024,KALISAT,25580.0,24816.604,25780.0,25637.38211698959,4305.4756,4206.235929661097,5.9657354,5.944995341484666,25645.406,4211.19792163019,5.94603234022426,25039.919033098296,25039.919033098296
2024,KALIWATES,10600.0,9150.104,10100.0,9006.09954170992,1716.5288,1635.3938431839363,6.0762606,6.071060500809952,9742.742,1639.450589928548,6.0713205160259545,9953.630001644047,9953.630001644047
2024,KENCONG,43728.0,44039.184,42528.0,43916.25275290804,7012.17,7000.8593485286165,6.237135,6.245320950133877,44469.207,7001.424871092419,6.244911649300767,43723.27973918917,43723.27973918917
2024,LEDOKOMBO,50991.0,50481.445,50791.0,50767.76750168939,8567.51,8487.024441317979,6.052436,6.055233848484533,49567.766,8491.04870753333,6.055093967688648,51414.09780833555,51414.09780833555
2024,MAYANG,30938.0,30753.123,30838.0,30783.02893330656,4987.8003,4975.96456875406,6.132917,6.099741005383368,29344.48,4976.556354964794,6.101399795520617,30363.959926579024,30363.959926579024
2024,MUMBULSARI,38581.0,36598.492,38581.0,36733.63206587957,6236.4697,6230.341406424735,6.0680847,6.056941357992317,37160.918,6230.647822431623,6.057498531893009,37742.14003712193,37742.14003712193
2024,PAKUSARI,20482.0,20221.242,20382.0,20026.932532379036,3403.8577,3385.1453469108465,5.9813814,5.919551082044859,19945.145,3386.080965917843,5.922642604719121,20054.54739177349,20054.54739177349
2024,PANTI,36716.0,36159.055,36716.0,36293.14899457611,5919.2695,5940.925371469613,6.113228,6.090711374867731,36251.074,5939.842573355117,6.091837216217652,36184.554046838726,36184.554046838726
2024,PATRANG,19920.0,19576.166,19520.0,19397.654659345597,3230.9412,3305.218233273191,6.093219,6.098251787797397,19546.857,3301.504379715,6.09800014453828,20132.574184695834,20132.574184695834
2024,PUGER,36003.0,36386.297,36003.0,36454.50698762577,5688.494,5686.086235232291,6.1833887,6.17989776113656,39016.92,5686.206636605442,6.180072314541295,35141.16820964627,35141.16820964627
2024,RAMBIPUJI,34060.0,33797.547,38960.0,34211.259259546605,5557.0947,5530.769154755217,6.099758,6.098935792822739,37699.04,5532.085433345581,6.0989769105912695,33740.06132539299,33740.06132539299
2024,SEMBORO,26751.0,26078.361,24751.0,26262.518906839687,4295.446,4401.315886590341,6.108636,6.0876760671058845,24875.416,4396.022385351644,6.088724076752222,26766.167339632288,26766.167339632288
2024,SILO,27735.0,27930.615,27735.0,27561.672097600273,4433.305,4441.618617890963,6.1136208,6.0591972901619595,27411.668,4441.202954940751,6.061918475477622,26922.210245901148,26922.210245901148
2024,SUKORAMBI,17610.0,16904.293,17610.0,17033.92566126668,2825.0688,2845.7650413926576,6.0760193,6.0465033193129045,17448.295,2844.7302378093527,6.047979123663192,17204.869090724394,17204.869090724394
2024,SUKOWONO,28715.0,29254.81,28715.0,29464.38055084034,4813.251,4770.088699683012,6.093173,6.063564707314609,29415.203,4772.246816578744,6.065045123300807,28943.892282078716,28943.892282078716
2024,SUMBERBARU,45211.0,45120.86,45211.0,44380.59267459009,7388.2153,7369.293251434839,6.1726103,6.219862740951233,45799.746,7370.239355464659,6.217500129969498,45824.464150507825,45824.464150507825
2024,SUMBERJAMBE,26615.0,27382.951,27715.0,27160.41164915258,4432.1084,4443.66596430209,6.0554304,6.023833089613103,30584.502,4443.088089060619,6.025412973628465,26771.440614799958,26771.440614799958
2024,SUMBERSARI,15042.0,14664.137,17442.0,15276.903949330948,2470.7795,2472.035424886363,6.0647683,6.080778030454031,17169.678,2471.9726322187053,6.079977550609872,15029.538109611722,15029.538109611722
2024,TANGGUL,43642.0,43198.53,41842.0,42762.347401142186,7103.54,7188.401119035333,6.16028,6.217438837730116,44290.594,7184.158065036691,6.214580901266202,44646.53150265457,44646.53150265457
2024,TEMPUREJO,20170.0,21909.46,24770.0,21737.24431973504,3346.4858,3280.2306040216895,6.2455482,6.2956852886237735,24335.334,3283.5433688645503,6.2931784306466705,20663.92430503129,20663.92430503129
2024,UMBULSARI,23950.0,23464.55,23950.0,23096.12605146494,3807.0918,3814.70593479694,6.1779804,6.174863872600872,22979.697,3814.3252370561163,6.175019694159045,23553.533458749385,23553.533458749385
2024,WULUHAN,29755.0,30649.734,31255.0,31235.802034256685,4740.6387,4676.235728112488,6.387106,6.3497823809674525,32684.713,4679.455878352371,6.351648570928631,29722.25924246042,29722.25924246042
2025,AJUNG,50223.5,47730.184,49492.0,48699.76491520214,7876.0166,8001.661595031829,6.171318,6.153099638804094,44609.42,7995.379357565394,6.154921504185465,49210.9323419998,49210.9323419998
2025,AMBULU,23626.8,23592.027,22783.0,23868.691156578978,3683.107,3675.695364575239,6.2978415,6.256862738861251,23036.947,3676.0659460779225,6.260960631788023,23015.704168250464,23015.704168250464
2025,ARJASA,17562.7,17997.922,19815.0,17346.184625243684,2968.9097,2937.5352097802947,5.9374475,5.94710137250326,18507.264,2939.1039296379595,5.946135990044194,17476.31165450059,17476.31165450059
2025,BALUNG,35223.7,35638.33,33211.0,36484.76022762708,5667.756,5684.705848053544,6.210729,6.202303877520439,35454.79,5683.858342516101,6.203146437747368,35257.80563003942,35257.80563003942
2025,BANGSALSARI,50333.6,47543.46,49065.0,46063.629210735344,7856.007,7839.944173856501,6.16379,6.175921011825195,47650.137,7840.747319167582,6.174707933240942,48414.324674201715,48414.324674201715
2025,GUMUKMAS,34834.5,37288.617,45847.0,36099.07991793367,5817.115,5611.238058599587,6.2694654,6.242177373173614,44850.316,5621.531929595389,6.244906204345327,35105.9396250556,35105.9396250556
2025,JELBUK,14771.3,14028.557,15222.0,14712.752134167511,2489.1646,2504.002371793464,5.9222727,5.912778552576207,15297.855,2503.260482268732,5.913727977458509,14803.601548858882,14803.601548858882
2025,JENGGAWAH,44947.4,43763.1,42647.0,43595.04681481863,7045.032,6979.179380737727,6.262814,6.237174360041028,42209.65,6982.472029132481,6.2397383642949515,43568.79859779436,43568.79859779436
2025,JOMBANG,42580.5,41739.17,51007.0,42456.43263961592,6969.881,6890.712458740835,6.241058,6.23794594639063,44950.902,6894.670884876059,6.238257162870647,43010.730033213775,43010.730033213775
2025,KALISAT,28621.0,27052.77,25580.0,26751.542958323378,4573.4717,4634.217620840242,6.087393,6.092094710197072,25432.87,4631.180323782604,6.091624555640836,28211.41178195479,28211.41178195479
2025,KALIWATES,6704.0,10106.038,10600.0,9109.6611551413,1635.8741,1494.40290743685,6.0210967,6.02833955013451,9807.043,1501.476470866277,6.027615265760097,9050.322496973167,9050.322496973167
2025,KENCONG,44352.8,44985.812,43728.0,43926.77786047765,7205.84,7198.357718329625,6.2042475,6.217240687639104,44285.867,7198.731824600643,6.215941366342235,44746.89493373945,44746.89493373945
2025,LEDOKOMBO,45036.8,46795.688,50991.0,45481.35014754831,7866.8047,7705.628775539572,5.9440084,5.964752339577771,49072.246,7713.6875772411095,5.962677928736297,45994.23466598292,45994.23466598292
2025,MAYANG,31011.2,30830.443,30938.0,30783.92845099585,4976.0674,4975.696872765518,6.2386084,6.22070304884925,29628.393,4975.715404371382,6.222493579993378,30961.357159575076,30961.357159575076
2025,MUMBULSARI,38969.9,37695.445,38581.0,37552.834846794285,6267.509,6274.69161479205,6.2123566,6.191602137206202,36640.156,6274.332491816119,6.193677592144792,38861.19256022749,38861.19256022749
2025,PAKUSARI,19714.2,20791.002,20482.0,20600.005485722595,3397.658,3403.153203379502,6.0344954,5.976658632390351,19464.947,3402.878447263261,5.98244229260026,20357.523939485636,20357.523939485636
2025,PANTI,29280.1,32053.86,36716.0,33525.20683636444,5302.576,5134.136599067358,6.2109804,6.204842384980157,35090.844,5142.558583811255,6.205456188016566,31911.921986149257,31911.921986149257
2025,PATRANG,16509.5,17547.205,19920.0,16153.210203382956,2717.5166,2682.292610129312,6.092143,6.09493027707376,19637.406,2684.0538188562446,6.09465155524407,16358.372781450997,16358.372781450997
2025,PUGER,41020.2,38530.184,36003.0,38656.61757640616,6307.0645,6418.807487531203,6.28748,6.287636356260362,37051.04,6413.220354121439,6.287620720302447,40323.89718243936,40323.89718243936
2025,RAMBIPUJI,41292.8,39800.715,34060.0,41158.80035327042,6687.166,6854.174656259234,6.2205887,6.167728079687978,36235.49,6845.824230331038,6.173014140127384,42259.36977466016,42259.36977466016
2025,SEMBORO,27704.0,27531.531,26751.0,26605.46909217406,4364.4287,4410.87239779697,6.1443253,6.080309414616974,25316.467,4408.550213453997,6.086710986869114,26833.57102039462,26833.57102039462
2025,SILO,29254.1,28295.031,27735.0,28125.363861795926,4479.7344,4518.399946807853,6.239418,6.177491656562882,27791.328,4516.4666743209755,6.183684329647897,27928.404199375567,27928.404199375567
2025,SUKORAMBI,13690.4,15464.397,17610.0,14709.852743538968,2336.4312,2385.0651404361697,6.163201,6.140820070625353,16750.42,2382.6334395056697,6.143058137167402,14636.655738442458,14636.655738442458
2025,SUKOWONO,27811.4,29528.025,28715.0,29389.170687366197,4836.0635,4824.836155288927,5.9865336,6.008745970356127,29201.959,4825.397524404363,6.0065247494229626,28983.8696561391,28983.8696561391
2025,SUMBERBARU,44755.2,43787.82,45211.0,43753.3823999,7126.1445,6986.110709345388,6.203429,6.22020592869811,45050.0,6993.112394337103,6.218528246118064,43486.8669524636,43486.8669524636
2025,SUMBERJAMBE,25401.6,26111.76,26615.0,24852.700112357557,4209.8584,4144.929681904428,6.0326843,6.0608765378335505,29147.23,4148.176117731082,6.058057328588312,25129.888730295792,25129.888730295792
2025,SUMBERSARI,13522.1,13539.793,15042.0,12875.042149758241,2283.5632,2245.4433079905534,6.1151495,6.128374934298944,15800.648,2247.3493042121195,6.127052426430421,13769.627007409585,13769.627007409585
2025,TANGGUL,44585.1,45242.758,43642.0,45069.2111475554,7300.8887,7307.253602674561,6.0923443,6.129029069331597,42413.71,7306.935356134582,6.125360614646057,44757.61404423153,44757.61404423153
2025,TEMPUREJO,21657.6,21415.525,20170.0,21730.938359505504,3473.934,3406.2307787562027,6.260363,6.228468548911793,21874.95,3409.615940868197,6.231658039979323,21247.560591152964,21247.560591152964
2025,UMBULSARI,21883.1,22618.281,23950.0,22473.9381859312,3539.8362,3496.957796551473,6.2388296,6.203069292139397,22965.807,3499.1017127541727,6.206645312277722,21717.683242648633,21717.683242648633
2025,WULUHAN,32300.0,30899.03,29755.0,30803.93738559656,4966.408,5005.329737612974,6.344284,6.2570864543542495,31765.15,5003.383670043849,6.2658062504433305,31350.232673126837,31350.232673126837
