tanggal,tahun,bulan,kecamatan,produksi_ton_gkg,pred_xgb_produksi_ton_gkg,lag12_produksi_ton_gkg,pred_xgb_panen_bersih_admin_ha,pred_xgb_yield_monthly_t_ha,pred_deep_produksi_ton_gkg,pred_agronomic_produksi_ton_gkg,prediksi_final_produksi_ton_v8
2024-01-01,2024,1,AJUNG,4139.53925691021,3417.9175,1100.229858,563.77167,6.1901517,1988.9566834470525,3489.832,3318.9921025832064
2024-01-01,2024,1,AMBULU,0.0,1.2698505,0.0,1.2536201,6.1420007,7.007353688728456,7.6997356,2.1444882515132946
2024-01-01,2024,1,ARJASA,573.1538924132232,525.71857,533.5137900000001,73.028175,6.104029,495.59381766531,445.7661,514.4655838049518
2024-01-01,2024,1,BALUNG,0.0,0.4597137,0.0,0.49905515,6.1365175,2.8012038381843736,3.0624607,0.8163204007312203
2024-01-01,2024,1,BANGSALSARI,0.0,1.1944846,0.0,0.62835705,6.1758027,1347.603676576663,3.8806093,1.5285341807070265
2024-01-01,2024,1,GUMUKMAS,819.0327282578911,55.937386,0.0,9.452073,6.2613525,116.31395549494022,59.182762,53.76925514017695
2024-01-01,2024,1,JELBUK,0.0,1.9110403,59.474790000000006,1.0926014,6.1369348,36.348195427004214,6.7052236,5.3244503106491265
2024-01-01,2024,1,JENGGAWAH,148.7897102206716,264.74576,102.851802,40.49472,6.1947966,194.73933721851094,250.85655,255.08678764359001
2024-01-01,2024,1,JOMBANG,3040.249390662163,2220.3494,1659.0680820000002,401.432,6.2008157,1983.760027851899,2489.2058,2232.938498602512
2024-01-01,2024,1,KALISAT,112.47719676348068,170.19768,340.985538,23.910826,6.0554757,663.0205822655257,144.79143,174.56489316285433
2024-01-01,2024,1,KALIWATES,0.0,1.6286709,466.234461,1.3343933,6.202723,232.95907955628815,8.276872,24.520972752117242
2024-01-01,2024,1,KENCONG,0.0,2.5466812,0.0,2.1241465,6.268716,142.1176050547792,13.315671,3.991738296765937
2024-01-01,2024,1,LEDOKOMBO,3642.642452774647,3741.4014,3687.314805,601.5561,6.108754,2062.3190751044012,3674.7583,3729.1624965634883
2024-01-01,2024,1,MAYANG,2782.179529126645,2838.0745,2773.186794,455.06827,6.2024755,1546.1228386599132,2822.5498,2832.755773429899
2024-01-01,2024,1,MUMBULSARI,3041.522331496145,3144.692,1886.1083280000005,487.73254,6.1903267,1882.2175509841659,3019.2239,3067.0595112986557
2024-01-01,2024,1,PAKUSARI,129.4466846262568,183.80396,117.67896,29.325827,6.059454,470.1336103528374,177.6985,179.79592734663368
2024-01-01,2024,1,PANTI,1088.4090259387356,1086.348,1107.5163750000002,192.9319,6.136692,1176.5345988941995,1183.9636,1101.5351630459868
2024-01-01,2024,1,PATRANG,655.729937354982,763.1138,477.572301,115.27556,6.190352,521.8005407969442,713.59625,742.4410650515256
2024-01-01,2024,1,PUGER,0.0,1.2866745,0.0,1.231741,6.2034073,1.1083087423159412,7.6409907,2.1495345622504276
2024-01-01,2024,1,RAMBIPUJI,655.7075530737675,1162.6891,6061.2483600000005,197.93465,6.1465673,1711.6968227580476,1216.6187,1401.7038667597121
2024-01-01,2024,1,SEMBORO,1811.10196658682,1940.7739,1786.49172,315.84732,6.18074,1749.0712047606833,1952.1702,1935.1493418459138
2024-01-01,2024,1,SILO,2801.810353573771,2883.588,2756.619864,477.81772,6.189538,2135.633780586705,2957.471,2888.3346170245914
2024-01-01,2024,1,SUKORAMBI,159.1493285693431,326.94446,1165.7058840000002,56.87664,6.12447,855.5094198140979,348.3393,369.6375584303032
2024-01-01,2024,1,SUKOWONO,618.9139997311916,534.74176,312.318396,77.03216,6.15304,696.4426914153742,473.98193,515.413732378359
2024-01-01,2024,1,SUMBERBARU,1655.2255940138966,2193.4106,1789.9859250000002,354.668,6.135288,2847.9911363266606,2175.9902,2171.839933165004
2024-01-01,2024,1,SUMBERJAMBE,1636.135118237905,2012.9619,1665.29412,321.23203,6.1221356,1722.3940683009446,1966.626,1989.8197336230198
2024-01-01,2024,1,SUMBERSARI,96.9271296463955,172.5397,638.3399400000001,27.515665,6.2272387,1684.7727177661416,171.34662,194.34866591084034
2024-01-01,2024,1,TANGGUL,3278.2082941418093,3430.7979,3338.221734,567.9838,6.1697173,3433.7739182234673,3504.2996,3437.112197450371
2024-01-01,2024,1,TEMPUREJO,0.0,2.4112792,443.084742,1.3117859,6.216036,312.4795533325345,8.154108,24.042556498363734
2024-01-01,2024,1,UMBULSARI,919.2715234774824,807.10895,919.97775,143.3838,6.2694173,347.71231757987584,898.9329,825.7818844826348
2024-01-01,2024,1,WULUHAN,0.0,0.82047874,0.0,0.7239191,6.150655,1.98718965271054,4.4525766,1.309673180415853
2024-02-01,2024,2,AJUNG,4230.852622871464,4221.4077,4110.74892,665.67816,6.2225223,2344.4378937479837,4142.1973,4204.67241423448
2024-02-01,2024,2,AMBULU,0.0,0.9648441,0.0,0.67433393,6.139827,2.9479847305886473,4.1402936,1.3808530161000974
2024-02-01,2024,2,ARJASA,157.90974586894924,626.2901,1885.082058,102.83154,6.0186014,2118.525273405875,618.9021,684.6220751278597
2024-02-01,2024,2,BALUNG,0.0,0.41418523,0.0,0.64997166,6.134107,4.855536224299202,3.9869957,0.913936501141267
2024-02-01,2024,2,BANGSALSARI,211.381650978582,181.45079,3105.7373700000003,32.210476,6.139867,150.04978667622188,197.76804,321.8274545978936
2024-02-01,2024,2,GUMUKMAS,326.3814631403626,252.02583,636.6314448,57.280445,6.270057,44.66818609743832,359.15167,285.7468477512566
2024-02-01,2024,2,JELBUK,202.4136096748362,168.71158,915.911766,25.720655,6.123628,1254.0674465523343,157.50372,202.34494800506317
2024-02-01,2024,2,JENGGAWAH,278.9807066637593,234.4461,36.300636,54.541943,6.260541,128.61269079951182,341.46207,240.6495491102843
2024-02-01,2024,2,JOMBANG,1138.55493375,1906.3655,4674.4545960000005,280.0827,6.257768,2469.094189947148,1752.6926,2014.6631866044818
2024-02-01,2024,2,KALISAT,313.7521804454987,391.35855,2339.866278,61.458,6.0485797,1655.8837676754238,371.7336,480.46147606921477
2024-02-01,2024,2,KALIWATES,146.8920222283814,211.13686,1392.64839,31.091164,6.1569314,529.0970111213653,191.42616,264.0306905064391
2024-02-01,2024,2,KENCONG,900.6246277797611,522.36127,399.355866,115.42752,6.1739783,44.42942199073856,712.64703,544.2138019314823
2024-02-01,2024,2,LEDOKOMBO,3976.991276942368,4104.6875,4025.76399,667.18604,6.0290756,2519.2327274442696,4022.5151,4089.0193676347667
2024-02-01,2024,2,MAYANG,2952.269107326528,2908.9568,2942.726598,478.1708,6.2189274,1596.785990757918,2973.7095,2919.962093787681
2024-02-01,2024,2,MUMBULSARI,3266.1457372154214,3560.5796,4394.874213,566.0105,6.215396,2223.912172528609,3517.9792,3593.760373381537
2024-02-01,2024,2,PAKUSARI,759.0282871266876,1007.2763,1506.2906880000005,167.6374,6.027915,3280.7514772227178,1010.504,1031.2952857648233
2024-02-01,2024,2,PANTI,1342.371131991107,1493.636,1335.006225,227.68694,6.171601,1565.4152578228768,1405.1929,1473.2948643278314
2024-02-01,2024,2,PATRANG,1270.1075363182083,1491.5251,1094.184639,258.77365,6.082949,1146.0902332985606,1574.1069,1484.776599294172
2024-02-01,2024,2,PUGER,372.3163224198552,150.34648,333.02461500000004,37.157078,6.1616797,0.9312935324036129,228.95001,170.39235562795443
2024-02-01,2024,2,RAMBIPUJI,3266.2815494235338,2553.134,2232.459792,413.83453,6.2366805,1291.5251639860667,2580.9539,2542.044079747437
2024-02-01,2024,2,SEMBORO,1781.0172163112911,2017.2158,1786.49172,313.33932,6.1640663,1819.630769606868,1931.4443,1993.860685224688
2024-02-01,2024,2,SILO,2961.5626982950826,2933.6614,2919.8407770000003,472.88876,6.2483764,2589.5265935697553,2954.7869,2936.079674813548
2024-02-01,2024,2,SUKORAMBI,710.050850540146,725.76556,1819.9285740000005,125.56843,6.1956553,1851.0577520963473,777.9787,784.9911080996608
2024-02-01,2024,2,SUKOWONO,4671.049054575031,3990.87,2126.167542,680.4562,6.0431585,3713.058272247147,4112.1045,3920.4908254060415
2024-02-01,2024,2,SUMBERBARU,4409.907604489578,4293.9873,4232.508524999999,676.9415,6.173301,3397.6157992578787,4178.964,4274.36762655857
2024-02-01,2024,2,SUMBERJAMBE,3171.857611890812,3127.1162,3390.0630300000003,510.83035,6.050342,2267.774731965419,3090.6985,3134.2321708214536
2024-02-01,2024,2,SUMBERSARI,399.8244097913815,456.92947,1878.543252,75.57223,6.1999264,1326.6546519657236,468.54224,525.7071579526903
2024-02-01,2024,2,TANGGUL,2614.267373809292,2544.249,2657.320911,407.00058,6.1222277,3650.3732880720963,2491.7502,2541.9546442543565
2024-02-01,2024,2,TEMPUREJO,625.1412638683219,263.7024,258.855156,53.12169,6.1609035,374.9674296280698,327.2776,272.7141114151672
2024-02-01,2024,2,UMBULSARI,110.31258281729788,196.26703,0.0,31.219961,6.263858,273.44760451230803,195.5574,186.90151445996045
2024-02-01,2024,2,WULUHAN,0.0,0.44881117,0.0,0.7845913,6.1410513,3.0446953075831975,4.8182154,1.062710979182463
2024-03-01,2024,3,AJUNG,4961.359550561501,4651.2114,4413.00987,746.3629,6.2308116,2374.140148122866,4650.447,4639.8589101321495
2024-03-01,2024,3,AMBULU,2844.023287105624,1359.4683,6194.516850000001,195.86992,6.1409454,39.67981510620004,1202.8265,1564.8798650174494
2024-03-01,2024,3,ARJASA,6164.328597995277,4119.5303,6751.913409000001,528.53204,6.0115843,2498.6914769390123,3177.315,4106.811251652064
2024-03-01,2024,3,BALUNG,393.1413263330905,629.3482,3191.875632,83.57762,6.1382966,882.1100011281139,513.02423,733.3734536261524
2024-03-01,2024,3,BANGSALSARI,241.579029689808,611.81506,19249.541136,99.71917,6.1702003,12964.964972620233,615.28723,1491.8844752464115
2024-03-01,2024,3,GUMUKMAS,449.5442794197447,987.7839,20598.700113000003,161.63693,6.273548,5088.147700135041,1014.03705,1917.0919185838206
2024-03-01,2024,3,JELBUK,3720.90047170873,2878.7737,6567.186353,333.77524,6.0432763,2771.1911836708186,2017.096,2927.597461900041
2024-03-01,2024,3,JENGGAWAH,3967.725605884577,3284.9941,3611.913282,527.7423,6.2690687,2596.7203633459476,3308.453,3303.832000702131
2024-03-01,2024,3,JOMBANG,11896.36046993919,7472.316,9155.149416,1167.783,6.2710977,3322.8006498268246,7323.281,7530.071551566314
2024-03-01,2024,3,KALISAT,3599.270296431382,2739.4368,7195.970664,383.9482,6.055154,3415.6710683656033,2324.8655,2889.495912379546
2024-03-01,2024,3,KALIWATES,276.15700178935697,489.09192,1362.3734250000002,71.64541,6.059734,573.179362243966,434.1521,522.3190912014029
2024-03-01,2024,3,KENCONG,3932.727541304957,4284.487,14899.04577,643.15625,6.174722,3028.498553503244,3971.3113,4739.897415169644
2024-03-01,2024,3,LEDOKOMBO,6464.07726724261,6260.8706,6543.35091,1032.4142,6.014657,2574.4180132849424,6209.617,6266.752077750071
2024-03-01,2024,3,MAYANG,2678.910856648145,2662.4048,2670.2519130000005,422.50766,6.2208896,1517.0140241279025,2628.3735,2657.8287673742825
2024-03-01,2024,3,MUMBULSARI,4201.064777236193,4045.5007,4140.975015,641.83374,6.2184644,2835.6097873757867,3991.2202,4042.116904056134
2024-03-01,2024,3,PAKUSARI,7037.192491500144,5620.5957,8113.9642920000015,886.0902,6.0199556,4218.097834764255,5334.2236,5696.641153431091
2024-03-01,2024,3,PANTI,4105.720714513342,4240.8535,4124.750175,661.90906,6.183177,3332.5285940329914,4092.701,4213.840729223364
2024-03-01,2024,3,PATRANG,4560.572176919335,3969.218,4830.129981,612.14624,6.05184,1473.5912109185033,3704.611,3971.386921440819
2024-03-01,2024,3,PUGER,620.527204033092,1069.9952,2549.1520530000003,172.80719,6.2694926,56.372062291086586,1083.4135,1141.7509520068043
2024-03-01,2024,3,RAMBIPUJI,3057.925878353364,2876.6914,1008.207648,420.77972,6.25929,2041.5792261307342,2633.7825,2753.2064801031065
2024-03-01,2024,3,SEMBORO,2846.0173760650023,2636.4663,2721.9856950000003,433.2682,6.1555457,2183.9239411729395,2667.0022,2644.9405041228256
2024-03-01,2024,3,SILO,3625.149360983608,3345.1357,3566.6792100000007,512.1749,6.2632747,2662.0279328858664,3207.8923,3335.6430407286475
2024-03-01,2024,3,SUKORAMBI,3446.195076328468,2524.7646,3170.006307,408.28995,6.2477903,3071.888677481568,2550.91,2559.0154882462843
2024-03-01,2024,3,SUKOWONO,7205.093166681984,7109.762,10937.149983,964.5854,6.0211253,3738.156341498364,5807.8896,7101.163538264376
2024-03-01,2024,3,SUMBERBARU,4446.153420416889,4292.91,4388.159475,720.4259,6.180589,3946.2767268384864,4452.6567,4320.623938844496
2024-03-01,2024,3,SUMBERJAMBE,3419.935860865514,3354.6238,3532.8025260000004,515.5962,6.0409584,2150.901134846711,3114.695,3328.159563811962
2024-03-01,2024,3,SUMBERSARI,2223.266036264197,2106.2793,3939.469344000001,277.59705,6.2027397,1805.0589583688393,1721.8622,2136.9185677248147
2024-03-01,2024,3,TANGGUL,3047.014580811736,3391.2498,4410.791172,555.7179,6.107888,3844.567388471041,3394.2627,3439.8025971317625
2024-03-01,2024,3,TEMPUREJO,1325.4748204226464,1134.6947,6804.123120000001,201.54068,6.266022,1211.2903482164118,1262.8584,1420.8786024176718
2024-03-01,2024,3,UMBULSARI,3107.1377493538903,2855.141,5667.062940000001,452.18765,6.2672772,757.9429688392034,2833.9854,2984.7683860716916
2024-03-01,2024,3,WULUHAN,1044.1579513477625,972.4022,6597.537965999999,137.17186,6.1433864,1024.3734383789138,842.6997,1219.015713565228
2024-04-01,2024,4,AJUNG,4991.797339215253,4314.961,4836.175200000001,668.72546,6.2304854,3564.291940123514,4166.4844,4317.977805100889
2024-04-01,2024,4,AMBULU,5112.991316159122,4398.1426,15633.488565,666.30786,6.245983,9127.18470135383,4161.7476,4894.009626264297
2024-04-01,2024,4,ARJASA,2052.82669629634,1438.1516,545.369652,277.8941,5.98624,1768.9308639264732,1663.5408,1428.7784847395417
2024-04-01,2024,4,BALUNG,17177.25179670734,7055.341,16207.232139,1021.95905,6.1776943,9087.34934511146,6313.3506,7379.3971827836185
2024-04-01,2024,4,BANGSALSARI,24327.008289763664,6663.004,3202.2262980000005,1073.3198,6.180514,7245.308075472407,6633.668,6495.416548538042
2024-04-01,2024,4,GUMUKMAS,28210.443068792472,7758.1704,5484.8247552,1159.1172,6.283475,4118.042542273231,7283.2837,7581.8616470203
2024-04-01,2024,4,JELBUK,3363.3758733413874,1392.657,702.627648,333.34323,5.98496,412.54036466124654,1995.0459,1447.648138721329
2024-04-01,2024,4,JENGGAWAH,18257.73735832825,8646.902,18337.871286,1280.9755,6.2839985,10865.276042372709,8049.648,9017.436179374434
2024-04-01,2024,4,JOMBANG,1329.3398145405408,1833.4476,2197.962459,274.6833,6.2815566,3608.903517505811,1725.4386,1834.951268726049
2024-04-01,2024,4,KALISAT,7974.041265284655,6480.379,5596.866072,1055.6135,6.054682,7428.364558439427,6391.404,6425.751267795058
2024-04-01,2024,4,KALIWATES,3067.105424128603,1970.5579,260.3646990000001,324.63684,6.0092897,693.6925011407712,1950.8368,1886.9828157370055
2024-04-01,2024,4,KENCONG,19099.246273116136,8383.513,7311.284316,1293.4302,6.1583443,2165.2386601261705,7965.388,8272.138132270391
2024-04-01,2024,4,LEDOKOMBO,4170.561648828943,4105.0044,4215.77055,706.3468,5.9926767,2952.843583233213,4232.908,4128.822202483516
2024-04-01,2024,4,MAYANG,2593.866067548204,2617.9385,2585.482011,416.13467,6.214546,3155.398745735844,2586.0881,2611.777411891773
2024-04-01,2024,4,MUMBULSARI,2810.828022919591,2836.2515,2841.25293,449.98303,6.2118654,3444.213195321827,2795.2341,2830.5257451838115
2024-04-01,2024,4,PAKUSARI,2088.798774650962,1582.7441,317.73319200000003,254.93849,6.018171,980.5479172202107,1534.2634,1515.998316674668
2024-04-01,2024,4,PANTI,8574.244437672929,7942.447,8488.963350000002,1146.4076,6.1898932,5809.1572847632815,7096.1406,7845.230191744924
2024-04-01,2024,4,PATRANG,1689.538397148873,1414.5195,1348.083837,246.1553,6.041925,2338.347451856397,1487.2518,1421.9556830444062
2024-04-01,2024,4,PUGER,19360.44876583247,8120.923,22161.274380000003,1146.8158,6.281894,6482.732999871443,7204.1753,8650.278405521942
2024-04-01,2024,4,RAMBIPUJI,7335.345243264484,7194.8237,9061.86636,1199.415,6.264123,3434.954203021589,7513.283,7329.221700627787
2024-04-01,2024,4,SEMBORO,2256.356270664642,2369.193,2178.795645,370.86697,6.1571317,3770.2369031577196,2283.4768,2347.7491226185266
2024-04-01,2024,4,SILO,2918.552451639345,2890.69,2871.479025,464.34048,6.2833533,2815.2540598413784,2917.6152,2893.6968406883143
2024-04-01,2024,4,SUKORAMBI,2295.42300821168,2227.0007,1766.4012630000002,356.9038,6.257118,3154.4578461851843,2233.1892,2206.1632740988953
2024-04-01,2024,4,SUKOWONO,2043.583961376576,1387.6738,1429.457274,258.3234,5.984948,1989.4119691525093,1546.0521,1412.6655349755436
2024-04-01,2024,4,SUMBERBARU,3781.6467950828433,3810.0674,3436.2940499999995,646.7362,6.1842012,4659.163483840277,3999.5469,3819.968310492821
2024-04-01,2024,4,SUMBERJAMBE,1712.9212429205509,2117.7554,1724.7689100000002,337.09845,6.0395064,2501.804042528248,2035.9082,2087.3130241687227
2024-04-01,2024,4,SUMBERSARI,5143.195816861861,3664.8508,1915.01982,692.23425,6.202211,510.8003098383552,4293.383,3673.6268966566017
2024-04-01,2024,4,TANGGUL,5430.088241290954,6071.698,4513.227579,1001.14386,6.0920477,4207.12110476676,6099.016,6002.120367650453
2024-04-01,2024,4,TEMPUREJO,3686.875507286152,3986.7112,8857.135458,629.1757,6.281661,6027.639902136997,3952.2686,4211.553549085454
2024-04-01,2024,4,UMBULSARI,7384.814571935775,6103.4194,1226.6370000000002,1043.4705,6.273994,1392.367887526593,6546.7275,5937.704436976854
2024-04-01,2024,4,WULUHAN,17162.955547602436,7495.5864,18723.739032,1076.2305,6.2458653,12317.17841176802,6721.9907,7913.033413838154
2024-05-01,2024,5,AJUNG,4991.797339215253,5282.3276,4926.853485000001,815.5251,6.2292376,3967.4540796582364,5080.0996,5236.158583139969
2024-05-01,2024,5,AMBULU,11469.852157887515,4773.236,0.0,783.7373,6.28403,107.73023316974054,4925.029,4570.036594786005
2024-05-01,2024,5,ARJASA,274.8799279940969,772.00256,1885.082058,115.601974,5.984815,2718.360252435498,691.85645,812.8827883561036
2024-05-01,2024,5,BALUNG,1366.9221500196686,610.0226,0.0,116.852684,6.1922774,7.234225064923009,723.5842,597.7398269163524
2024-05-01,2024,5,BANGSALSARI,0.0,2.20769,90.45837000000002,0.8297063,6.1811385,3.6792404380587707,5.1285295,6.7970141528426895
2024-05-01,2024,5,GUMUKMAS,0.0,2.0802402,0.0,1.2576463,6.2855296,354.97810371203394,7.904973,2.8286763541629933
2024-05-01,2024,5,JELBUK,381.9616824082992,607.18585,197.366975,99.49561,5.9817038,515.2143037112379,595.15326,586.0964869510548
2024-05-01,2024,5,JENGGAWAH,49.5965700735572,131.5705,30.250530000000005,18.450172,6.2845745,98.35113280747596,115.951485,124.51875354893471
2024-05-01,2024,5,JOMBANG,1624.7486622162166,1789.1038,1616.6831310000002,267.72113,6.284212,2208.515216574577,1682.4164,1765.4600579292571
2024-05-01,2024,5,KALISAT,5085.153264201575,4546.4517,2157.6153870000003,766.5984,6.057993,5199.534939495954,4644.048,4447.901337970688
2024-05-01,2024,5,KALIWATES,170.39474578492238,312.6597,466.234461,49.80552,6.0077267,915.5135698576655,299.21796,317.9535884280294
2024-05-01,2024,5,KENCONG,336.2331943711108,351.742,184.31809200000004,53.77401,6.1457434,38.93927223783709,330.48126,340.75062863371716
2024-05-01,2024,5,LEDOKOMBO,4258.54818150466,4351.546,4310.77383,680.5383,6.00207,3052.0944152510447,4084.6387,4310.827551140129
2024-05-01,2024,5,MAYANG,2709.28399561241,2707.1958,2700.526878,442.28186,6.2167597,4036.2361995455854,2749.56,2713.0386001336396
2024-05-01,2024,5,MUMBULSARI,2337.297600051928,2553.6274,2387.8615050000003,409.6257,6.212453,4014.9525654871077,2544.7803,2544.5185875765023
2024-05-01,2024,5,PAKUSARI,117.678804205688,290.3982,729.6095520000001,43.79039,6.0193605,1803.9320529454812,263.59015,307.22929354580236
2024-05-01,2024,5,PANTI,876.7739375617591,1312.969,868.0533750000001,198.52965,6.187208,3913.018363366608,1228.3442,1279.6722552188012
2024-05-01,2024,5,PATRANG,803.4168601826807,1219.0691,574.2958050000001,178.89027,6.0466437,2256.2054755363242,1081.6858,1168.6722247498694
2024-05-01,2024,5,PUGER,5752.287181386762,2653.9763,0.0,495.9898,6.2855697,4.1189950999759315,3117.5784,2596.1112260120244
2024-05-01,2024,5,RAMBIPUJI,2077.428602729039,2392.5967,2058.423948,362.37204,6.2648125,3020.5423610134817,2270.1929,2359.0351199757843
2024-05-01,2024,5,SEMBORO,2533.135973199505,2596.7822,2571.0995700000003,423.37286,6.156456,4325.918047186809,2606.4763,2596.9792010352207
2024-05-01,2024,5,SILO,2918.552451639345,2943.7373,2871.479025,465.2749,6.287835,3671.8397032353723,2925.5718,2937.6869333658615
2024-05-01,2024,5,SUKORAMBI,1040.591763722628,1054.8577,874.2794130000002,185.90979,6.259519,2092.8570104711034,1163.7059,1062.156474117617
2024-05-01,2024,5,SUKOWONO,869.9828864145995,1187.5747,594.606177,178.00124,5.982072,1210.473166895938,1064.8162,1141.748313173572
2024-05-01,2024,5,SUMBERBARU,1878.7414588989843,2247.1643,1963.5966,385.2892,6.1823907,2816.2722252641706,2382.0085,2253.381203886087
2024-05-01,2024,5,SUMBERJAMBE,1464.8429939458504,1785.65,1492.817229,271.04422,6.0430183,2598.1648127543594,1637.9252,1750.3590666382522
2024-05-01,2024,5,SUMBERSARI,139.33274886669352,332.12933,656.5782240000001,42.353306,6.197751,529.0414683594561,262.49524,337.3198381544142
2024-05-01,2024,5,TANGGUL,2661.6917252616136,2649.6162,2892.3220800000004,424.6959,6.089462,3869.8725464037625,2586.1694,2651.8483499895556
2024-05-01,2024,5,TEMPUREJO,7800.861987659859,4080.2844,345.97027800000006,781.7562,6.2848716,2271.558852044865,4913.2373,4025.1193533291525
2024-05-01,2024,5,UMBULSARI,0.0,5.0168266,177.862365,2.798798,6.2680125,820.8188607432363,17.542902,14.99450472106155
2024-05-01,2024,5,WULUHAN,4426.729518288716,1778.2731,0.0,297.76132,6.2835894,39.2275264746959,1871.0099,1707.8305829991762
2024-06-01,2024,6,AJUNG,5539.67753498278,5394.4346,4896.627390000001,882.3757,6.230058,3380.6761483779546,5497.252,5385.88591492516
2024-06-01,2024,6,AMBULU,1975.1897993964333,1001.08844,0.0,137.3777,6.291368,2.545292676266956,864.2937,933.9616421488006
2024-06-01,2024,6,ARJASA,4977.0812494250295,4725.158,5732.309276999999,750.21094,5.9829736,3530.797307387159,4488.492,4738.289659071261
2024-06-01,2024,6,BALUNG,0.0,2.0855372,0.0,1.0182762,6.1897583,0.4086305542339814,6.3028836,2.6000943075767533
2024-06-01,2024,6,BANGSALSARI,90.592136133678,106.31857,60.305580000000006,17.368958,6.1578665,4.311793875652372,106.95572,104.23970266089965
2024-06-01,2024,6,GUMUKMAS,153.95352034922766,198.49901,477.4735836,23.967545,6.1912646,163.41430979154018,148.3894,204.38128572451262
2024-06-01,2024,6,JELBUK,2295.948658311713,2269.4863,3052.4319370000003,360.94815,5.9796753,3802.6046316207135,2158.3528,2290.282707361125
2024-06-01,2024,6,JENGGAWAH,142.59013896147695,188.85329,90.75159,25.726326,6.2914877,83.09970549062527,161.85686,180.29974822068115
2024-06-01,2024,6,JOMBANG,8733.024059412164,5691.36,1338.153453,993.83264,6.292562,3145.0972289190477,6253.7534,5567.662566328762
2024-06-01,2024,6,KALISAT,3984.0607064117103,3445.7314,5020.718094,610.1735,6.0584407,1942.9615326322041,3696.7002,3556.5369194292475
2024-06-01,2024,6,KALIWATES,240.90291645454545,331.47537,1392.64839,48.429493,6.009081,1255.0290206182933,291.01675,375.67445481862023
2024-06-01,2024,6,KENCONG,1080.7495533357137,772.3639,0.0,118.888596,6.1422534,70.02880397498268,730.2439,729.7919279327616
2024-06-01,2024,6,LEDOKOMBO,4856.856603699529,5027.4316,4821.41646,824.11383,6.001033,2922.9444660020677,4945.534,5005.8056645809365
2024-06-01,2024,6,MAYANG,3019.090013047909,3013.6187,3009.3315210000005,494.76257,6.215399,4347.180242962356,3075.1467,3022.3592611429035
2024-06-01,2024,6,MUMBULSARI,5299.898194403462,5224.6406,4914.763047,885.938,6.2117534,5060.115709157926,5503.2285,5250.5086174999105
2024-06-01,2024,6,PAKUSARI,3471.5247240677963,3013.1787,6884.219160000001,474.4183,6.018939,5529.740409421196,2855.4949,3172.944692432527
2024-06-01,2024,6,PANTI,2436.826874740613,2481.963,2412.5897250000003,407.30167,6.1865973,4270.286881308056,2519.8115,2484.190173833393
2024-06-01,2024,6,PATRANG,1453.239320624555,1650.788,2073.5101170000003,277.49744,6.044783,4746.038193218721,1677.4119,1674.607074519493
2024-06-01,2024,6,PUGER,372.3163224198552,393.50754,0.0,63.182632,6.2926717,13.255010535853467,397.58755,375.52987081287796
2024-06-01,2024,6,RAMBIPUJI,3958.757750333213,2657.9102,822.169332,429.027,6.271474,1907.5127184995802,2690.6316,2576.032544955153
2024-06-01,2024,6,SEMBORO,2358.64442160144,2317.6914,2257.2564300000004,376.97437,6.159297,4575.976132573923,2321.897,2315.4505831999777
2024-06-01,2024,6,SILO,3317.933313442624,3297.0183,3264.4182600000004,541.4991,6.2869124,2345.0819922868677,3404.3574,3311.0812591632066
2024-06-01,2024,6,SUKORAMBI,1530.282005474453,1365.9377,868.331934,229.74843,6.2640705,3840.784719419106,1439.1604,1353.0970829809962
2024-06-01,2024,6,SUKOWONO,7444.484430728956,7651.635,6402.527118,1297.2335,5.980238,5482.652117593661,7757.765,7608.111740944436
2024-06-01,2024,6,SUMBERBARU,6343.017787279529,6321.9717,5286.145725,1051.2986,6.180626,4257.888483943769,6497.683,6298.627402966426
2024-06-01,2024,6,SUMBERJAMBE,3366.7762360852203,3165.653,2884.5273150000003,534.29565,6.041177,3018.010086765803,3227.7744,3161.415149577261
2024-06-01,2024,6,SUMBERSARI,854.1703300088602,799.6855,1367.8713000000002,125.376595,6.198587,604.9439439758547,777.1577,823.2253652096682
2024-06-01,2024,6,TANGGUL,2353.433440821516,2409.106,2422.319742,376.43243,6.08043,3665.852091803681,2288.871,2392.2537573545956
2024-06-01,2024,6,TEMPUREJO,0.0,3.164508,898.308792,2.318859,6.2865887,4068.5938571297925,14.577713,47.067666577775135
2024-06-01,2024,6,UMBULSARI,110.31258281729788,113.772385,0.0,17.508492,6.191108,820.0957004353737,108.396965,107.62185596472337
2024-06-01,2024,6,WULUHAN,1069.1677226375289,699.6571,0.0,91.06851,6.2926817,6.309221562202026,573.0652,648.2386180552014
2024-07-01,2024,7,AJUNG,4017.7881022952033,4133.6973,3989.844540000001,653.7749,6.2292027,2578.0913518911507,4072.4963,4118.013086080594
2024-07-01,2024,7,AMBULU,0.0,2.5557382,0.0,1.7147593,6.3036504,5.663809432746503,10.809243,3.634749383031454
2024-07-01,2024,7,ARJASA,2549.949970328217,2205.7896,954.396891,392.43634,5.9931693,879.1329468186975,2351.9375,2167.975130872003
2024-07-01,2024,7,BALUNG,0.0,2.390478,1372.264713,1.3949069,6.1600842,109.51727333234487,8.592744,67.94003267886934
2024-07-01,2024,7,BANGSALSARI,1600.461071694978,1343.1196,16656.401196000003,262.97647,6.178432,11340.726940806604,1624.7822,2106.733690210442
2024-07-01,2024,7,GUMUKMAS,585.0233773270651,731.83496,7823.221023600001,122.63176,6.2775626,3775.3772623153022,769.82855,1072.018924218903
2024-07-01,2024,7,JELBUK,4915.759092103164,4336.7935,2271.936978,759.87134,5.988808,683.2004969210861,4550.7236,4270.441430630294
2024-07-01,2024,7,JENGGAWAH,2771.2083528600087,2824.55,7562.6325,454.37183,6.2994027,5567.681733895318,2862.271,3053.635616713812
2024-07-01,2024,7,JOMBANG,6665.162125682434,6783.4575,9524.503989,1020.1456,6.2947965,4043.526432374049,6421.609,6860.221256659503
2024-07-01,2024,7,KALISAT,2977.68578800162,2642.075,1857.783276,468.5516,6.06268,348.83906940894497,2840.6782,2633.928522343663
2024-07-01,2024,7,KALIWATES,1909.596288968958,1209.7666,1362.3734250000002,230.3653,6.020636,884.0805742374826,1386.9456,1242.7209856899003
2024-07-01,2024,7,KENCONG,1062.737060780118,1777.8947,2611.1729700000005,317.16644,6.144209,1430.7906703084714,1948.7369,1842.0507507855627
2024-07-01,2024,7,LEDOKOMBO,3343.488241677212,3637.6553,3426.055785,588.1721,6.0117216,2507.920485276294,3535.927,3612.8834071209926
2024-07-01,2024,7,MAYANG,2302.283933491264,2305.015,2294.8423470000007,373.42255,6.21591,3918.171982950878,2321.161,2306.881597032327
2024-07-01,2024,7,MUMBULSARI,3399.7056000755315,3554.2134,3415.5487350000003,562.08136,6.2112803,4327.220834240315,3491.2449,3538.5171265494682
2024-07-01,2024,7,PAKUSARI,5477.948335774777,5459.6797,1882.86336,892.2416,6.0293155,2406.7123443661467,5379.606,5279.241555244395
2024-07-01,2024,7,PANTI,8646.805039402176,8718.221,8590.735125,1348.7388,6.187179,6582.753220956128,8344.889,8657.941569203887
2024-07-01,2024,7,PATRANG,4696.444145920817,4748.7534,4134.929796,757.32214,6.0514355,5516.989330946555,4582.886,4695.677097802402
2024-07-01,2024,7,PUGER,0.0,5.397472,1725.673005,3.6599338,6.3002667,1487.7451395623464,23.05856,89.14891938926272
2024-07-01,2024,7,RAMBIPUJI,551.5297175386829,886.5531,828.1705680000001,146.07715,6.2715516,2065.485796021153,916.1304,888.0968426310914
2024-07-01,2024,7,SEMBORO,3050.593677938597,3044.7996,2601.276795,502.56897,6.156114,4640.2697000070575,3093.8718,3031.001034356274
2024-07-01,2024,7,SILO,1235.0085111147544,1147.17,1215.089019,187.53983,6.2869964,1661.07422112417,1179.0623,1155.0107661310537
2024-07-01,2024,7,SUKORAMBI,3629.828916985402,3340.0977,3788.544123,581.463,6.264897,5382.027083928586,3642.806,3405.2588386829498
2024-07-01,2024,7,SUKOWONO,5622.775299444694,6415.3174,6090.208722000001,1003.55664,5.986086,3099.4938553901093,6007.3765,6340.681577859237
2024-07-01,2024,7,SUMBERBARU,4995.881628647781,4989.447,4232.508524999999,813.8087,6.180606,4126.290753421264,5029.831,4959.594551694685
2024-07-01,2024,7,SUMBERJAMBE,3041.9118624278744,3250.3027,2688.2605080000003,523.32794,6.0486946,3027.2549887394207,3165.451,3211.4454726362314
2024-07-01,2024,7,SUMBERSARI,3004.7410190382607,2818.5352,5586.994332,501.41364,6.200582,1188.3942912058117,3109.0564,2991.4126709011052
2024-07-01,2024,7,TANGGUL,6254.086347775063,5820.8066,4434.893856000001,928.5526,6.0681467,4007.3839433698636,5634.5933,5728.336082170265
2024-07-01,2024,7,TEMPUREJO,1130.0748963178785,984.6638,1717.712082,157.79651,6.1919665,3100.4959346256846,977.0707,1018.1547089801309
2024-07-01,2024,7,UMBULSARI,3395.176160043501,2657.5754,1465.831215,393.41614,6.2538605,3009.4716628414335,2460.3696,2572.6705023877685
2024-07-01,2024,7,WULUHAN,312.62214112208443,514.397,1535.7397500000002,76.77513,6.3036437,446.65242345088984,483.96307,558.1734226140785
2024-08-01,2024,8,AJUNG,4930.92176190775,4491.1797,3687.5835900000006,759.80493,6.2282724,2226.7239920330453,4732.272,4488.297887506539
2024-08-01,2024,8,AMBULU,1381.3827394513032,890.6177,1355.433885,139.01253,6.196738,41.69453554413154,861.4242,908.310421717588
2024-08-01,2024,8,ARJASA,1274.9749851641086,858.64154,100.774827,171.8586,5.9920807,224.17393610361674,1029.7905,847.7517753063372
2024-08-01,2024,8,BALUNG,7741.859964713168,7361.64,15239.997099,1009.7722,6.140942,7518.989025206453,6200.9526,7564.7385140481165
2024-08-01,2024,8,BANGSALSARI,16868.255748090844,10481.36,6814.53054,1641.9587,6.1819234,2597.1765858651415,10150.463,10260.217726537876
2024-08-01,2024,8,GUMUKMAS,8997.043729208865,8460.272,8227.2371328,1438.6829,6.2891498,9615.443179998116,9048.092,8534.712754537759
2024-08-01,2024,8,JELBUK,341.2115134518667,250.96657,0.0,52.539383,5.995024,21.46949238640117,314.97488,248.42620224406767
2024-08-01,2024,8,JENGGAWAH,16645.848830937633,10352.155,11955.009456,1703.0361,6.3160224,10075.82982015084,10756.414,10486.55616125209
2024-08-01,2024,8,JOMBANG,2455.5860463040544,2284.4849,9040.104549,405.48358,6.295644,1871.854530173741,2552.7803,2642.296813948953
2024-08-01,2024,8,KALISAT,1118.8521151735708,811.3108,717.245442,141.01201,6.063014,78.77225217925127,854.95776,813.2155553876131
2024-08-01,2024,8,KALIWATES,1351.4066045011089,1318.3363,260.3646990000001,219.84581,6.0243826,412.0005488387818,1324.4353,1269.2942320483953
2024-08-01,2024,8,KENCONG,15887.018434034986,9650.122,13000.569422400002,1548.7339,6.143141,4964.297477301896,9514.09,9788.466854280723
2024-08-01,2024,8,LEDOKOMBO,4188.158955364086,4283.355,4150.455795,716.57275,6.0163536,2135.6568228877913,4311.1553,4281.123801352432
2024-08-01,2024,8,MAYANG,2247.6122833555864,2248.422,2240.3474100000003,362.7661,6.215648,3506.430549558061,2254.8264,2248.9718980180824
2024-08-01,2024,8,MUMBULSARI,2592.275520057593,2558.9878,2369.725848,411.65036,6.211563,2696.8124828532605,2556.9922,2549.765953935363
2024-08-01,2024,8,PAKUSARI,782.5640479678252,607.66833,35.303688,113.6591,6.0251465,112.11750439003171,684.81274,591.8696175208859
2024-08-01,2024,8,PANTI,2841.956901062254,2862.8818,2675.999025,448.453,6.186888,3291.4866008985414,2774.5286,2841.2204345830587
2024-08-01,2024,8,PATRANG,1211.0327671871291,980.4382,870.511536,171.353,6.050207,3092.311148760175,1036.7211,983.4309943713347
2024-08-01,2024,8,PUGER,7185.705022703204,6017.7554,6424.347573000001,997.8554,6.1943474,3922.763042821911,6181.063,6060.679853377939
2024-08-01,2024,8,RAMBIPUJI,4926.998810012234,4423.5557,4999.029587999999,752.72253,6.270597,2535.0597442989147,4720.0195,4493.804012548697
2024-08-01,2024,8,SEMBORO,2858.0512761752134,2737.0647,2396.0716650000004,436.321,6.156133,4306.775759572585,2686.0503,2713.557515116594
2024-08-01,2024,8,SILO,1947.7497414098368,1813.9744,1916.334423,314.37256,6.2840147,1471.9720628155071,1975.5217,1842.2854612616065
2024-08-01,2024,8,SUKORAMBI,1065.0762758102192,941.39764,874.2794130000002,149.3957,6.2666736,1560.2404164211905,936.2141,937.4767413694033
2024-08-01,2024,8,SUKOWONO,46.71049054575031,49.165466,282.28778100000005,12.750014,5.992206,337.90397884481695,76.40071,64.12570438953111
2024-08-01,2024,8,SUMBERBARU,4319.293064671298,4168.917,4022.9784,698.62787,6.180605,2358.1794417100286,4317.943,4183.690240837791
2024-08-01,2024,8,SUMBERJAMBE,2539.8487395028856,2610.7417,2260.0420200000003,406.60876,6.0491114,2361.743857012105,2459.6216,2572.226354684795
2024-08-01,2024,8,SUMBERSARI,2295.961383498993,1752.5634,583.625088,286.91214,6.198535,279.7057511163172,1778.4349,1701.1583541595949
2024-08-01,2024,8,TANGGUL,5868.76349222494,6056.44,5356.821519,966.6531,6.0693827,3240.0745123038605,5866.9873,5995.886654699483
2024-08-01,2024,8,TEMPUREJO,4084.238076366245,3644.3376,3587.1655140000003,549.8775,6.2746882,4829.81514275108,3450.3098,3613.4381476058106
2024-08-01,2024,8,UMBULSARI,5668.841061444475,6051.993,5513.733315,996.3334,6.263927,3094.363545020171,6240.9595,6054.056938038309
2024-08-01,2024,8,WULUHAN,5101.993343112417,4777.2397,4398.358644,741.3252,6.31418,1445.690321159447,4680.861,4745.350922587577
2024-09-01,2024,9,AJUNG,3348.1567519126693,3539.62,3506.2270200000007,572.8001,6.228335,1592.9407966179556,3567.5908,3542.109668350337
2024-09-01,2024,9,AMBULU,0.0,1.6020072,0.0,1.0073093,6.299888,10.372302002215998,6.345936,2.2159205793303434
2024-09-01,2024,9,ARJASA,473.7292376068478,461.33868,829.91034,90.21878,5.995641,364.29327987626607,540.91943,490.2994128154099
2024-09-01,2024,9,BALUNG,6526.146017129302,3755.1963,0.0,720.3065,6.180503,32.31066536962287,4451.8564,3679.235975465207
2024-09-01,2024,9,BANGSALSARI,4227.63301957164,1670.4404,60.305580000000006,340.2697,6.1779885,0.8855376043294932,2102.1824,1657.2062661100554
2024-09-01,2024,9,GUMUKMAS,5671.647689665547,2243.9001,1224.29124,509.018,6.3033285,1732.460997391714,3208.5078,2335.985011393537
2024-09-01,2024,9,JELBUK,0.0,0.4544549,0.0,0.700949,5.9896746,10.869423661751114,4.1984563,0.9771878500394531
2024-09-01,2024,9,JENGGAWAH,130.19099644308767,103.88229,84.70148400000001,23.6172,6.3155217,212.01809437982703,149.15494,109.55734887406413
2024-09-01,2024,9,JOMBANG,1624.7486622162166,1850.6746,1858.882851,297.438,6.297784,1340.8082215664772,1873.2002,1854.335968665832
2024-09-01,2024,9,KALISAT,76.95808199606573,80.98416,241.041501,13.405103,6.061728,84.21932091635172,81.25809,88.57751480785058
2024-09-01,2024,9,KALIWATES,223.2758737871397,257.00943,260.3646990000001,49.88447,6.0205026,218.94099877089866,300.3296,263.46423567083497
2024-09-01,2024,9,KENCONG,180.12492555595222,170.92183,215.03777400000004,39.79536,6.144666,282.3596762515792,244.5292,183.7024019454279
2024-09-01,2024,9,LEDOKOMBO,3073.662874805016,3284.7842,1840.68855,535.8473,6.01048,2116.9588860623103,3220.6995,3207.3188674915646
2024-09-01,2024,9,MAYANG,2302.283933491264,2291.759,2294.8423470000007,375.1186,6.214194,2718.6389724150795,2331.0596,2297.6167639436185
2024-09-01,2024,9,MUMBULSARI,2088.3905829035407,2301.8787,2291.1380010000003,367.97626,6.211086,2401.7607795830972,2285.5322,2298.9958735215887
2024-09-01,2024,9,PAKUSARI,164.7503258879632,139.3863,123.56290800000002,26.800531,6.027756,136.778343057331,161.54707,141.86056187294503
2024-09-01,2024,9,PANTI,1880.528928149704,1783.4321,2143.19385,282.12576,6.1861925,1609.255917435137,1745.2843,1794.865580613787
2024-09-01,2024,9,PATRANG,478.50562996174375,547.2248,495.707958,97.42506,6.0544677,1241.8921682202733,589.8569,550.9900246865112
2024-09-01,2024,9,PUGER,1967.0712367849007,1665.6804,0.0,273.6533,6.300014,36.50373264881951,1724.0195,1595.551875431998
2024-09-01,2024,9,RAMBIPUJI,1721.9983403152212,2251.6948,3528.7267680000004,357.79956,6.269577,2098.9656180494903,2243.252,2310.7342711251586
2024-09-01,2024,9,SEMBORO,2310.508821160593,2379.8657,1979.62596,385.32568,6.1561565,2820.344900852884,2372.1252,2359.852268441606
2024-09-01,2024,9,SILO,1474.6370281967218,1421.4827,1450.85256,227.18771,6.2861505,1104.8735959204537,1428.1361,1423.8357696577687
2024-09-01,2024,9,SUKORAMBI,936.5325873503652,789.8996,666.117648,134.33226,6.2625194,507.5859657746519,841.25836,791.5228416809122
2024-09-01,2024,9,SUKOWONO,40.87167922753152,49.701706,24.024492,8.608454,5.9907618,391.25825871256643,51.571194,48.761653410435954
2024-09-01,2024,9,SUMBERBARU,1322.9722813468732,1478.2657,1293.1002,227.51624,6.1795907,1535.3015367374426,1405.9572,1459.0174361270624
2024-09-01,2024,9,SUMBERJAMBE,1831.053742432313,1947.9529,1962.66807,319.91687,6.048306,1792.309722657997,1934.9551,1946.7581369636844
2024-09-01,2024,9,SUMBERSARI,557.3309954667741,493.39688,571.466232,75.79736,6.198614,31.674958889522117,469.8386,493.65705513513603
2024-09-01,2024,9,TANGGUL,2667.6197691931543,2585.4148,1922.189049,416.788,6.067865,2191.498241106703,2529.0132,2545.917563639177
2024-09-01,2024,9,TEMPUREJO,208.81818736308625,251.33966,0.0,36.833572,6.282173,1652.2951307929009,231.39488,236.57934515176504
2024-09-01,2024,9,UMBULSARI,471.8927153851076,467.38922,417.05658000000005,89.50046,6.272724,414.0380062774361,561.4117,478.6797837580119
2024-09-01,2024,9,WULUHAN,637.7491678890522,662.60803,0.0,99.70697,6.3146553,11.416126425287246,629.6152,626.5423478311662
2024-10-01,2024,10,AJUNG,3226.4055972976635,3251.5496,3022.6095000000005,537.52765,6.2280345,914.7117753753,3347.7407,3254.726370059412
2024-10-01,2024,10,AMBULU,0.0,0.046812184,0.0,0.22187178,6.1652412,5.991075003921875,1.367893,0.23661831088912322
2024-10-01,2024,10,ARJASA,713.5181109634002,747.46136,118.55862000000002,113.836105,5.9919024,124.35005142093864,682.09485,708.2809054901226
2024-10-01,2024,10,BALUNG,0.0,0.2713724,0.0,0.21527952,6.191637,0.4784988358591167,1.3329326,0.4128603498274218
2024-10-01,2024,10,BANGSALSARI,181.184272267356,210.34468,0.0,27.64217,6.1792307,0.0,170.80734,194.67130675066483
2024-10-01,2024,10,GUMUKMAS,0.0,0.9746802,0.0,0.6122246,6.3031955,297.3183092259848,3.858971,1.3479058380318345
2024-10-01,2024,10,JELBUK,0.0,0.08261797,0.0,0.12802377,6.0919986,9.513296624394242,0.77992064,0.18006995407145793
2024-10-01,2024,10,JENGGAWAH,49.5965700735572,38.227116,24.200424,5.9810324,6.341616,92.47103690528917,37.929413,37.521887835386686
2024-10-01,2024,10,JOMBANG,4055.717304547298,3247.281,641.829258,558.16046,6.296928,1432.6775654596322,3514.6963,3163.190733032506
2024-10-01,2024,10,KALISAT,11.83970492247165,0.88332343,135.218403,0.51233256,6.0685654,104.10824315865165,3.1091237,7.5464731675225565
2024-10-01,2024,10,KALIWATES,846.0980480354767,651.0275,768.984111,128.47752,6.0262856,80.43074074246314,774.24225,674.503125210311
2024-10-01,2024,10,KENCONG,330.2290301859124,281.44022,706.5526860000001,48.258026,6.1429653,238.0340072320424,296.4474,303.6836737499723
2024-10-01,2024,10,LEDOKOMBO,4452.118553391235,4366.086,4506.718095,763.41846,6.0173254,1785.965494333961,4593.7373,4405.811225666722
2024-10-01,2024,10,MAYANG,2150.41823866994,2134.0667,2143.4675220000004,355.95926,6.2155404,1582.6659692464482,2212.4792,2145.907350071159
2024-10-01,2024,10,MUMBULSARI,4134.284845806137,4072.8843,4110.74892,642.5999,6.211081,1956.5095559025647,3991.2402,4062.804483873653
2024-10-01,2024,10,PAKUSARI,182.4021465188164,171.20735,200.054232,24.267118,6.019471,146.80022684264443,146.07523,168.91583134038024
2024-10-01,2024,10,PANTI,1940.996096257412,1989.5459,1975.56975,317.317,6.186493,1256.2520194815397,1963.0793,1985.0394883172964
2024-10-01,2024,10,PATRANG,779.7869525302491,881.32825,1009.551573,158.05167,6.055909,731.1679861558791,957.14655,898.399426003907
2024-10-01,2024,10,PUGER,0.0,1.8910872,0.0,1.449436,6.3181987,31.83095609449461,9.1578245,2.858041168835109
2024-10-01,2024,10,RAMBIPUJI,3309.178305232098,3246.07,2448.504288,525.8939,6.2695584,1032.4905402390102,3297.1226,3215.851113964926
2024-10-01,2024,10,SEMBORO,1221.4408611864596,1325.8414,1484.71947,205.54558,6.156082,1929.2102185682538,1265.3555,1324.547853591502
2024-10-01,2024,10,SILO,1437.7711024918035,1441.4287,1414.5812460000002,227.08057,6.287557,433.9307454742851,1427.782,1438.1781933850098
2024-10-01,2024,10,SUKORAMBI,538.6592659270075,615.43396,499.58823600000005,90.41072,6.2626605,124.51103052074778,566.2117,602.8125674095498
2024-10-01,2024,10,SUKOWONO,70.06573581862546,54.15764,66.067353,7.456347,5.998647,490.8312843929878,44.727997,53.34911872092974
2024-10-01,2024,10,SUMBERBARU,3968.91684404062,3947.5215,3903.246900000001,683.1667,6.180628,1684.3456077692492,4222.399,3985.3846978839224
2024-10-01,2024,10,SUMBERJAMBE,1447.123119019086,1404.1677,1445.237397,230.7922,6.0593724,1369.068483854021,1398.4559,1405.275720965399
2024-10-01,2024,10,SUMBERSARI,36.34767361739832,37.21331,36.476568,5.828677,6.1975856,28.65726820474674,36.123726,37.02017340786827
2024-10-01,2024,10,TANGGUL,1730.9888280097798,1773.5299,1458.212382,295.05652,6.0741057,1889.9453331791372,1792.2045,1761.3635137438991
2024-10-01,2024,10,TEMPUREJO,0.0,0.7852092,0.0,0.23591888,6.287823,365.9732113539295,1.4834162,0.8496354285721329
2024-10-01,2024,10,UMBULSARI,171.59735104913003,235.03592,331.19199000000003,28.07223,6.2702594,216.3949860646236,176.02016,230.99601195638138
2024-10-01,2024,10,WULUHAN,0.0,0.49726376,0.0,0.39716116,6.340323,33.11112796746531,2.51813,0.7675236818422266
2024-11-01,2024,11,AJUNG,2556.7742469151294,2734.113,2659.89636,438.5783,6.231997,743.7569676387059,2733.2188,2730.480569149394
2024-11-01,2024,11,AMBULU,0.0,0.0,0.0,0.025975367,6.155467,29.229426839474094,0.15989052,0.02323963004394729
2024-11-01,2024,11,ARJASA,327.51650995041325,349.769,88.918965,61.279797,5.9939485,366.60831754555943,367.30795,340.008027537218
2024-11-01,2024,11,BALUNG,0.0,0.0,0.0,0.23681289,6.1587896,1.394964132425017,1.4584807,0.211986006241461
2024-11-01,2024,11,BANGSALSARI,301.97378711226,329.1727,391.9862700000001,49.348396,6.180315,0.0,304.98865,328.6219586037639
2024-11-01,2024,11,GUMUKMAS,0.0,0.9252184,771.3034812,0.83728665,6.202722,349.1556981882146,5.193456,37.901830057930034
2024-11-01,2024,11,JELBUK,0.0,0.82427967,154.634454,0.6003865,6.140812,44.47558883264328,3.6868606,8.49906608397739
2024-11-01,2024,11,JENGGAWAH,204.58585155342348,282.646,465.858162,28.150465,6.325504,146.2747601680523,178.06587,276.0918518211268
2024-11-01,2024,11,JOMBANG,7557.543019702704,7283.188,6067.102986000001,1197.3481,6.295814,1757.5996520467775,7538.2812,7262.874722296678
2024-11-01,2024,11,KALISAT,0.0,2.0549085,94.064976,0.88823813,6.0572605,353.17818205974754,5.3802896,6.880447288208561
2024-11-01,2024,11,KALIWATES,1245.644348496674,1155.5436,793.2040830000001,194.05826,6.014742,118.63093464850755,1167.2103,1140.139526003176
2024-11-01,2024,11,KENCONG,150.1041046299602,176.72388,1873.900602,31.05287,6.1428475,258.4250047561075,190.75305,258.8573410233564
2024-11-01,2024,11,LEDOKOMBO,4041.5147342378937,3988.9937,4227.64596,662.51373,6.007075,1880.957214935669,3979.7695,3998.9156010730367
2024-11-01,2024,11,MAYANG,2041.0749383985865,2092.2595,2034.477648,339.42438,6.2167726,1478.8617792674224,2110.1243,2092.1292282887734
2024-11-01,2024,11,MUMBULSARI,2932.2460800651456,2943.0547,2901.70512,483.50806,6.2117715,1476.5779640081623,3003.4417,2949.880362059993
2024-11-01,2024,11,PAKUSARI,194.1700269393852,199.5823,223.59002400000003,30.04576,6.0215216,536.7475434763803,180.92119,198.0029549736738
2024-11-01,2024,11,PANTI,1680.987273394269,1699.3916,1676.241,273.60236,6.1884637,1315.3223851205603,1693.1782,1697.395965133548
2024-11-01,2024,11,PATRANG,1707.260827888197,1428.4434,1547.576064,236.78125,6.0457897,1495.0771428816497,1431.5297,1434.5141396044992
2024-11-01,2024,11,PUGER,372.3163224198552,192.07205,817.4240550000002,28.534634,6.203452,64.38208700369293,177.01323,219.395348872349
2024-11-01,2024,11,RAMBIPUJI,1244.0059184483628,1065.3535,804.165624,172.63861,6.2725477,1183.9487087894,1082.8839,1055.5753449500164
2024-11-01,2024,11,SEMBORO,1353.8137623987857,1351.4989,1406.2586850000002,223.2541,6.157892,1556.0672778457406,1374.7747,1357.4662285555396
2024-11-01,2024,11,SILO,1007.6686359344264,954.9524,991.415916,159.6686,6.2843356,437.9690511941685,1003.411,963.7165266880601
2024-11-01,2024,11,SUKORAMBI,440.7212175766424,674.96216,380.638656,105.49443,6.2657623,306.62827138470857,661.00305,659.043319206452
2024-11-01,2024,11,SUKOWONO,40.87167922753152,46.33248,132.134706,7.9899936,5.9866657,587.995372980285,47.83342,50.59987772551205
2024-11-01,2024,11,SUMBERBARU,3606.458684767504,3898.2163,4471.971525,648.86566,6.1806283,1523.1652613012998,4010.3975,3941.598580375251
2024-11-01,2024,11,SUMBERJAMBE,1063.192495605859,1198.8038,1373.8676490000005,205.76424,6.044705,1552.4408762320877,1243.784,1213.6033155202635
2024-11-01,2024,11,SUMBERSARI,181.7383680869916,162.9975,182.38284000000004,26.641678,6.1998606,88.72294381527139,165.17468,164.22879197043744
2024-11-01,2024,11,TANGGUL,3112.2230640586795,3218.912,2717.577621,548.6708,6.0648785,2048.6258176788065,3327.6216,3211.053389201929
2024-11-01,2024,11,TEMPUREJO,374.64439497494885,242.5932,352.039932,41.314854,6.197995,855.1347200839483,256.06927,249.71699708208388
2024-11-01,2024,11,UMBULSARI,2549.446358444218,2023.172,4311.629055,328.41284,6.2724185,312.62531561736057,2059.9429,2136.515021555845
2024-11-01,2024,11,WULUHAN,0.0,0.106582895,0.0,0.17437874,6.204957,73.94449172429105,1.0820125,0.24332887159547797
2024-12-01,2024,12,AJUNG,2556.7742469151294,2455.4553,1342.038618,389.997,6.228976,1074.4957239343041,2429.282,2399.1059539996513
2024-12-01,2024,12,AMBULU,0.0,0.009406881,0.0,0.015874498,6.1611667,189.832514902461,0.097805426,0.021811421109436888
2024-12-01,2024,12,ARJASA,274.8799279940969,296.29703,88.918965,47.721775,5.991355,579.2413200133706,285.9181,285.00174666788746
2024-12-01,2024,12,BALUNG,6.048328097432162,0.29044867,0.0,0.0,6.1491566,11.569187411134646,0.0,0.23452572294790877
2024-12-01,2024,12,BANGSALSARI,1014.6319246971937,1079.3849,633.2085900000001,163.73972,6.178149,8.440328641667064,1011.6084,1048.4775013676694
2024-12-01,2024,12,GUMUKMAS,634.2885038388179,437.02933,2503.6755858,76.31249,6.1590834,442.8319121869596,470.015,539.3543337646217
2024-12-01,2024,12,JELBUK,0.0,0.0035297486,0.0,0.0,6.1467543,108.45203577888188,0.0,0.002850131369655797
2024-12-01,2024,12,JENGGAWAH,0.0,4.4548144,544.50954,1.8256161,6.325774,174.99442114526676,11.548435,30.972496275698724
2024-12-01,2024,12,JOMBANG,886.2265430270272,1379.1311,3233.3662620000005,241.79988,6.293337,1179.3737500052448,1521.7281,1487.3635530273314
2024-12-01,2024,12,KALISAT,325.5918853679704,279.0893,82.306854,43.77288,6.1099963,704.0170913746682,267.45215,268.11117248574834
2024-12-01,2024,12,KALIWATES,1122.2550498248336,927.663,1313.933481,147.0224,6.013552,77.21922800785468,884.1269,939.5643207308249
2024-12-01,2024,12,KENCONG,768.5330157053961,683.3096,1327.0902624,108.60549,6.1428967,275.35214938614456,667.1523,711.3429081586294
2024-12-01,2024,12,LEDOKOMBO,4522.507779531808,4431.2207,5035.17384,745.7573,6.0055513,1845.4841736032356,4478.684,4466.621552994669
2024-12-01,2024,12,MAYANG,3158.806452283527,3074.8447,3148.5963600000005,503.58908,6.215009,2249.565280769478,3129.8108,3086.3144262469445
2024-12-01,2024,12,MUMBULSARI,2476.9283657693154,2610.1152,2925.885996,426.3376,6.2120214,1537.9926351938063,2648.4182,2630.584539870474
2024-12-01,2024,12,PAKUSARI,76.4912227336972,97.871216,247.12581600000004,13.583515,6.021077,936.5822065940903,81.78739,102.57720650423562
2024-12-01,2024,12,PANTI,1300.0441143157118,1313.8164,1317.0465000000002,212.65065,6.1865716,1394.2164722064576,1315.5785,1314.2249571334082
2024-12-01,2024,12,PATRANG,614.3775989632265,789.21014,1063.958544,116.94302,6.0440097,1414.7276052249958,706.80475,790.1988758613597
2024-12-01,2024,12,PUGER,0.0,4.871207,1992.0926970000005,3.170996,6.315944,73.43647684978428,20.027834,100.85654076224606
2024-12-01,2024,12,RAMBIPUJI,1954.8664432759983,2595.5713,5107.051836000001,410.3096,6.2698054,1518.6247578843297,2572.5613,2710.7504149663678
2024-12-01,2024,12,SEMBORO,2370.678321711651,1897.1301,1581.2865900000002,313.04745,6.156235,2144.7592848491718,1927.1937,1886.594273709066
2024-12-01,2024,12,SILO,2089.0691232786894,2038.2142,2496.675447,324.619,6.2878966,560.5321530645199,2041.1707,2060.2799663672
2024-12-01,2024,12,SUKORAMBI,1817.97502250365,1366.5044,1736.663868,206.47652,6.2632966,309.9892412944619,1293.2236,1373.3220726268928
2024-12-01,2024,12,SUKOWONO,40.87167922753152,54.27981,318.324519,10.0525465,5.9867373,1004.3882257285393,60.181953,67.5986557262614
2024-12-01,2024,12,SUMBERBARU,4482.399236344201,4381.715,6190.11855,696.67664,6.1814256,1307.0603704795374,4306.4546,4456.119446703333
2024-12-01,2024,12,SUMBERJAMBE,1919.6531170661344,2149.0735,3294.903366,364.41385,6.042716,1663.1961796863245,2202.0493,2210.848185478516
2024-12-01,2024,12,SUMBERSARI,109.04302085219491,79.48552,85.11199200000001,14.278683,6.1988554,1552.3973610724074,88.51149,81.0629469062497
2024-12-01,2024,12,TANGGUL,4623.874266601468,4624.305,5718.361779000001,792.9481,6.067401,2020.2739444583383,4811.1343,4703.0917445667565
2024-12-01,2024,12,TEMPUREJO,933.5401317408564,676.5599,1505.2741920000003,118.77877,6.276181,1014.5803792678655,745.4771,725.6860707085182
2024-12-01,2024,12,UMBULSARI,61.28476823183216,196.07457,3919.105215000001,30.9801,6.2683444,313.8060878124769,194.19394,371.50111910519126
2024-12-01,2024,12,WULUHAN,0.0,0.56773114,0.0,0.10089786,6.158315,246.79291831127412,0.62136084,0.5487332959000555
